{
    "variants": {
        "snowy=false": [
            { "model": "grass_normal" },
            { "model": "grass/grass_normal1" },
            { "model": "grass/grass_normal2" },
            { "model": "grass/grass_normal3" },
            { "model": "grass/grass_normal4" },
            { "model": "grass/grass_normal5" },
            { "model": "grass/grass_normal6" },
            { "model": "grass/grass_normal7" },
            { "model": "grass/grass_normal8" },
            { "model": "grass/grass_normal9" },
            { "model": "grass/grass_normal10" }
        ],
        "snowy=true":  { "model": "grass_snowed" }
    }
}
