{
  "ambientocclusion": false,
  "textures": {
    "particle": "block/bricks",
    "0": "block/iron_block",
    "1": "block/gold_block",
    "2": "block/lime_stained_glass",
    "3": "block/black_wool"
  },
  "elements": [
    {
      "name": "Pole",
      "from": [
        6.499999992549419,
        0.0,
        6.799999997019768
      ],
      "to": [
        8.799999982118607,
        17.19999998807907,
        9.099999986588955
      ],
      "faces": {
        "north": {
          "texture": "#0",
          "uv": [
            4.0,
            0.0,
            13.49999999254942,
            15.199999988079071
          ]
        },
        "east": {
          "texture": "#0",
          "uv": [
            4.0,
            0.0,
            11.49999999254942,
            15.199999988079071
          ]
        },
        "south": {
          "texture": "#0",
          "uv": [
            0.0,
            0.0,
            15.49999999254942,
            15.199999988079071
          ]
        },
        "west": {
          "texture": "#0",
          "uv": [
            0.0,
            0.0,
            10.49999999254942,
            15.199999988079071
          ]
        },
        "up": {
          "texture": "#0",
          "uv": [
            0.0,
            0.0,
            2.299999989569187,
            2.299999989569187
          ]
        },
        "down": {
          "texture": "#0",
          "uv": [
            0.0,
            0.0,
            2.299999989569187,
            2.299999989569187
          ]
        }
      }
    },
    {
      "name": "BottomPlate",
      "from": [
        5.499999977648258,
        17.600000008940697,
        7.3000000193715096
      ],
      "to": [
        10.099999986588955,
        19.0,
        8.800000011920929
      ],
      "faces": {
        "north": {
          "texture": "#1",
          "uv": [
            4.0,
            8.0,
            7.0,
            10.399999991059303
          ]
        },
        "east": {
          "texture": "#1",
          "uv": [
            5.0,
            7.0,
            6.499999992549419,
            9.399999991059303
          ]
        },
        "south": {
          "texture": "#1",
          "uv": [
            5.0,
            7.0,
            8.0,
            10.399999991059303
          ]
        },
        "west": {
          "texture": "#1",
          "uv": [
            6.0,
            6.0,
            9.49999999254942,
            9.399999991059303
          ]
        },
        "up": {
          "texture": "#1",
          "uv": [
            4.0,
            8.0,
            8.0,
            11.49999999254942
          ]
        },
        "down": {
          "texture": "#1",
          "uv": [
            5.0,
            8.0,
            9.0,
            12.49999999254942
          ]
        }
      }
    },
    {
      "name": "InderNotch",
      "from": [
        5.999999985098839,
        15.30000001937151,
        6.299999974668026
      ],
      "to": [
        9.399999991059303,
        17.599999994039536,
        9.69999998062849
      ],
      "faces": {
        "north": {
          "texture": "#0",
          "uv": [
            0.0,
            0.0,
            3.4000000059604645,
            2.299999974668026
          ]
        },
        "east": {
          "texture": "#0",
          "uv": [
            0.0,
            0.0,
            3.4000000059604645,
            2.299999974668026
          ]
        },
        "south": {
          "texture": "#0",
          "uv": [
            0.0,
            0.0,
            3.4000000059604645,
            2.299999974668026
          ]
        },
        "west": {
          "texture": "#0",
          "uv": [
            0.0,
            0.0,
            3.4000000059604645,
            2.299999974668026
          ]
        },
        "up": {
          "texture": "#0",
          "uv": [
            0.0,
            0.0,
            3.4000000059604645,
            3.4000000059604645
          ]
        },
        "down": {
          "texture": "#0",
          "uv": [
            0.0,
            0.0,
            3.4000000059604645,
            3.4000000059604645
          ]
        }
      }
    },
    {
      "name": "FloorPlate",
      "from": [
        3.8999999836087227,
        -1.4901161193847656E-8,
        4.199999988079071
      ],
      "to": [
        11.699999995529652,
        0.6999999806284904,
        12.0
      ],
      "faces": {
        "north": {
          "texture": "#0",
          "uv": [
            0.0,
            0.0,
            7.800000011920929,
            0.6999999955296516
          ]
        },
        "east": {
          "texture": "#0",
          "uv": [
            0.0,
            0.0,
            7.800000011920929,
            0.6999999955296516
          ]
        },
        "south": {
          "texture": "#0",
          "uv": [
            0.0,
            0.0,
            7.800000011920929,
            0.6999999955296516
          ]
        },
        "west": {
          "texture": "#0",
          "uv": [
            0.0,
            0.0,
            8.800000011920929,
            4.199999988079071
          ]
        },
        "up": {
          "texture": "#0",
          "uv": [
            0.0,
            0.0,
            15.800000011920929,
            15.800000011920929
          ]
        },
        "down": {
          "texture": "#0",
          "uv": [
            0.0,
            0.0,
            7.800000011920929,
            8.800000011920929
          ]
        }
      }
    },
    {
      "name": "ScannerNeck",
      "from": [
        5.299999974668026,
        18.200000017881393,
        7.399999991059303
      ],
      "to": [
        6.599999964237213,
        19.600000008940697,
        8.799999982118607
      ],
      "faces": {
        "north": {
          "texture": "#1",
          "uv": [
            6.0,
            5.0,
            6.299999989569187,
            5.399999991059303
          ]
        },
        "east": {
          "texture": "#1",
          "uv": [
            5.0,
            4.0,
            6.399999991059303,
            5.399999991059303
          ]
        },
        "south": {
          "texture": "#1",
          "uv": [
            5.0,
            6.0,
            6.299999989569187,
            7.399999991059303
          ]
        },
        "west": {
          "texture": "#1",
          "uv": [
            6.0,
            6.0,
            7.399999991059303,
            7.399999991059303
          ]
        },
        "up": {
          "texture": "#1",
          "uv": [
            6.0,
            6.0,
            7.299999989569187,
            7.399999991059303
          ]
        },
        "down": {
          "texture": "#1",
          "uv": [
            6.0,
            6.0,
            7.299999989569187,
            7.399999991059303
          ]
        }
      }
    },
    {
      "name": "Scanner",
      "from": [
        4.699999950826168,
        19.299999989569187,
        6.899999998509884
      ],
      "to": [
        7.299999959766865,
        21.899999998509884,
        9.50000000745058
      ],
      "faces": {
        "north": {
          "texture": "#1",
          "uv": [
            2.0,
            5.0,
            4.0,
            8.0
          ]
        },
        "east": {
          "texture": "#1",
          "uv": [
            6.0,
            6.0,
            9.0,
            11.0
          ]
        },
        "south": {
          "texture": "#1",
          "uv": [
            2.0,
            5.0,
            4.0,
            8.0
          ]
        },
        "west": {
          "texture": "#1",
          "uv": [
            11.0,
            11.0,
            7.0,
            15.0
          ]
        },
        "up": {
          "texture": "#1",
          "uv": [
            4.0,
            9.0,
            8.0,
            13.0
          ]
        },
        "down": {
          "texture": "#1",
          "uv": [
            5.0,
            6.0,
            9.0,
            10.0
          ]
        }
      }
    },
    {
      "name": "FingerPrintBase",
      "from": [
        8.799999997019768,
        18.80000001192093,
        7.099999986588955
      ],
      "to": [
        10.49999999254942,
        19.700000010430813,
        8.899999983608723
      ],
      "faces": {
        "north": {
          "texture": "#1",
          "uv": [
            5.0,
            6.0,
            7.699999995529652,
            9.899999998509884
          ]
        },
        "east": {
          "texture": "#1",
          "uv": [
            6.0,
            8.0,
            8.699999995529652,
            10.899999998509884
          ]
        },
        "south": {
          "texture": "#1",
          "uv": [
            5.0,
            9.0,
            6.699999995529652,
            10.899999998509884
          ]
        },
        "west": {
          "texture": "#1",
          "uv": [
            6.0,
            7.0,
            8.699999995529652,
            8.899999998509884
          ]
        },
        "up": {
          "texture": "#1",
          "uv": [
            5.0,
            9.0,
            7.699999995529652,
            11.699999995529652
          ]
        },
        "down": {
          "texture": "#1",
          "uv": [
            5.0,
            6.0,
            7.699999995529652,
            8.699999995529652
          ]
        }
      }
    },
    {
      "name": "MickeyMainHead",
      "from": [
        5.299999974668026,
        19.799999997019768,
        6.799999952316284
      ],
      "to": [
        6.599999964237213,
        20.99999998509884,
        9.59999993443489
      ],
      "faces": {
        "north": {
          "texture": "#2",
          "uv": [
            5.0,
            3.0,
            13.299999989569187,
            14.199999988079071
          ]
        },
        "east": {
          "texture": "#2",
          "uv": [
            2.0,
            3.0,
            12.799999982118607,
            14.199999988079071
          ]
        },
        "south": {
          "texture": "#2",
          "uv": [
            3.0,
            3.0,
            13.299999989569187,
            13.199999988079071
          ]
        },
        "west": {
          "texture": "#2",
          "uv": [
            7.0,
            6.0,
            2.7999999821186066,
            1.199999988079071
          ]
        },
        "up": {
          "texture": "#2",
          "uv": [
            2.0,
            2.0,
            14.299999989569187,
            13.799999982118607
          ]
        },
        "down": {
          "texture": "#2",
          "uv": [
            5.0,
            2.0,
            14.299999989569187,
            14.799999982118607
          ]
        }
      }
    },
    {
      "name": "EAR1",
      "from": [
        6.300000004470348,
        20.80000001192093,
        6.799999997019768
      ],
      "to": [
        7.0,
        21.50000000745058,
        9.599999994039536
      ],
      "faces": {
        "north": {
          "texture": "#2",
          "uv": [
            3.0,
            7.0,
            3.6999999955296516,
            7.699999995529652
          ]
        },
        "east": {
          "texture": "#2",
          "uv": [
            6.0,
            8.0,
            8.799999997019768,
            8.699999995529652
          ]
        },
        "south": {
          "texture": "#2",
          "uv": [
            3.0,
            5.0,
            3.6999999955296516,
            5.699999995529652
          ]
        },
        "west": {
          "texture": "#2",
          "uv": [
            3.0,
            5.0,
            5.799999997019768,
            5.699999995529652
          ]
        },
        "up": {
          "texture": "#2",
          "uv": [
            6.0,
            7.0,
            6.699999995529652,
            9.799999997019768
          ]
        },
        "down": {
          "texture": "#2",
          "uv": [
            3.0,
            1.0,
            3.6999999955296516,
            3.7999999970197678
          ]
        }
      }
    },
    {
      "name": "EAR2",
      "from": [
        4.999999985098839,
        20.80000001192093,
        6.799999997019768
      ],
      "to": [
        5.6999999806284904,
        21.50000000745058,
        9.599999994039536
      ],
      "faces": {
        "north": {
          "texture": "#2",
          "uv": [
            4.0,
            8.0,
            4.699999995529652,
            8.699999995529652
          ]
        },
        "east": {
          "texture": "#2",
          "uv": [
            2.0,
            8.0,
            4.799999997019768,
            8.699999995529652
          ]
        },
        "south": {
          "texture": "#2",
          "uv": [
            4.0,
            6.0,
            4.699999995529652,
            6.699999995529652
          ]
        },
        "west": {
          "texture": "#2",
          "uv": [
            4.0,
            6.0,
            6.799999997019768,
            6.699999995529652
          ]
        },
        "up": {
          "texture": "#2",
          "uv": [
            5.0,
            6.0,
            5.699999995529652,
            8.799999997019768
          ]
        },
        "down": {
          "texture": "#2",
          "uv": [
            9.0,
            9.0,
            9.699999995529652,
            11.799999997019768
          ]
        }
      }
    },
    {
      "name": "FingerPrint",
      "from": [
        8.999999985098839,
        18.899999998509884,
        7.200000002980232
      ],
      "to": [
        9.999999985098839,
        19.899999998509884,
        8.800000011920929
      ],
      "faces": {
        "north": {
          "texture": "#3",
          "uv": [
            0.0,
            0.0,
            1.0,
            1.0
          ]
        },
        "east": {
          "texture": "#3",
          "uv": [
            0.0,
            0.0,
            1.6000000089406967,
            1.0
          ]
        },
        "south": {
          "texture": "#3",
          "uv": [
            0.0,
            0.0,
            1.0,
            1.0
          ]
        },
        "west": {
          "texture": "#3",
          "uv": [
            0.0,
            0.0,
            1.6000000089406967,
            1.0
          ]
        },
        "up": {
          "texture": "#3",
          "uv": [
            0.0,
            0.0,
            1.0,
            1.6000000089406967
          ]
        },
        "down": {
          "texture": "#3",
          "uv": [
            0.0,
            0.0,
            1.0,
            1.6000000089406967
          ]
        }
      }
    },
    {
      "name": "Cube",
      "from": [
        5.4000000059604645,
        19.899999998509884,
        6.700000010430813
      ],
      "to": [
        6.500000007450581,
        20.899999998509884,
        9.700000010430813
      ],
      "faces": {
        "north": {
          "texture": "#1",
          "uv": [
            0.0,
            0.0,
            1.1000000014901161,
            1.0
          ]
        },
        "east": {
          "texture": "#1",
          "uv": [
            0.0,
            0.0,
            3.0,
            1.0
          ]
        },
        "south": {
          "texture": "#1",
          "uv": [
            0.0,
            0.0,
            1.1000000014901161,
            1.0
          ]
        },
        "west": {
          "texture": "#1",
          "uv": [
            0.0,
            0.0,
            3.0,
            1.0
          ]
        },
        "up": {
          "texture": "#1",
          "uv": [
            0.0,
            0.0,
            1.1000000014901161,
            3.0
          ]
        },
        "down": {
          "texture": "#1",
          "uv": [
            0.0,
            0.0,
            1.1000000014901161,
            3.0
          ]
        }
      }
    },
    {
      "name": "Cube",
      "from": [
        6.4000000059604645,
        20.900000013411045,
        6.700000010430813
      ],
      "to": [
        6.899999998509884,
        21.400000005960464,
        9.699999995529652
      ],
      "faces": {
        "north": {
          "texture": "#1",
          "uv": [
            0.0,
            0.0,
            0.4999999925494194,
            0.4999999925494194
          ]
        },
        "east": {
          "texture": "#1",
          "uv": [
            0.0,
            0.0,
            2.999999985098839,
            0.4999999925494194
          ]
        },
        "south": {
          "texture": "#1",
          "uv": [
            0.0,
            0.0,
            0.4999999925494194,
            0.4999999925494194
          ]
        },
        "west": {
          "texture": "#1",
          "uv": [
            0.0,
            0.0,
            2.999999985098839,
            0.4999999925494194
          ]
        },
        "up": {
          "texture": "#1",
          "uv": [
            0.0,
            0.0,
            0.4999999925494194,
            2.999999985098839
          ]
        },
        "down": {
          "texture": "#1",
          "uv": [
            0.0,
            0.0,
            0.4999999925494194,
            2.999999985098839
          ]
        }
      }
    },
    {
      "name": "Cube",
      "from": [
        5.099999986588955,
        20.900000013411045,
        6.700000010430813
      ],
      "to": [
        5.599999979138374,
        21.400000005960464,
        9.699999995529652
      ],
      "faces": {
        "north": {
          "texture": "#1",
          "uv": [
            0.0,
            0.0,
            0.4999999925494194,
            0.4999999925494194
          ]
        },
        "east": {
          "texture": "#1",
          "uv": [
            0.0,
            0.0,
            2.999999985098839,
            0.4999999925494194
          ]
        },
        "south": {
          "texture": "#1",
          "uv": [
            0.0,
            0.0,
            0.4999999925494194,
            0.4999999925494194
          ]
        },
        "west": {
          "texture": "#1",
          "uv": [
            0.0,
            0.0,
            2.999999985098839,
            0.4999999925494194
          ]
        },
        "up": {
          "texture": "#1",
          "uv": [
            0.0,
            0.0,
            0.4999999925494194,
            2.999999985098839
          ]
        },
        "down": {
          "texture": "#1",
          "uv": [
            0.0,
            0.0,
            0.4999999925494194,
            2.999999985098839
          ]
        }
      }
    }
  ]
}
