{
    "__comment": "Model generated using MrCrayfish's Model Creator (http://mrcrayfish.com/modelcreator/)",
    "textures": {
        "particle": "blocks/planks_birch",
        "0": "blocks/itemframe_background"
    },
    "elements": [
        {
            "name": "Element",
            "from": [ 3.0, 3.0, 15.5 ], 
            "to": [ 13.0, 13.0, 15.49999999254942 ], 
            "faces": {
                "north": { "texture": "#0", "uv": [ 3.0, 3.0, 13.0, 13.0 ] },
                "south": { "texture": "#0", "uv": [ 3.0, 3.0, 13.0, 13.0 ] }
            }
        }
    ]
}