{
    "__comment": "Model generated using MrCrayfish's Model Creator (http://mrcrayfish.com/modelcreator/)",
"ambientocclusion": false,
    "textures": {
        "particle": "blocks/brick",
        "0": "blocks/rail_normal",
        "1": "blocks/wool_colored_gray"
    },
    "elements": [
        {
            "name": "Cube",
            "from": [ 7.0, -1.0, 0.0 ], 
            "to": [ 8.0, 1.0, 16.0 ], 
            "faces": {
                "north": { "texture": "#0", "uv": [ 7.0, 0.0, 8.0, 16.0 ] },
                "east": { "texture": "#0", "uv": [ 7.0, 0.0, 8.0, 16.0 ] },
                "south": { "texture": "#0", "uv": [ 7.0, 0.0, 8.0, 16.0 ] },
                "west": { "texture": "#0", "uv": [ 7.0, 0.0, 8.0, 16.0 ] },
                "up": { "texture": "#0", "uv": [ 7.0, 0.0, 8.0, 16.0 ] },
                "down": { "texture": "#0", "uv": [ 7.0, 0.0, 8.0, 16.0 ] }
            }
        },
        {
            "name": "Cube",
            "from": [ 8.0, -1.0, 0.0 ], 
            "to": [ 9.0, 1.0, 16.0 ], 
            "faces": {
                "north": { "texture": "#0", "uv": [ 8.0, 0.0, 9.0, 16.0 ] },
                "east": { "texture": "#0", "uv": [ 8.0, 0.0, 9.0, 16.0 ] },
                "south": { "texture": "#0", "uv": [ 8.0, 0.0, 9.0, 16.0 ] },
                "west": { "texture": "#0", "uv": [ 8.0, 0.0, 9.0, 16.0 ] },
                "up": { "texture": "#0", "uv": [ 8.0, 0.0, 9.0, 16.0 ] },
                "down": { "texture": "#0", "uv": [ 8.0, 0.0, 9.0, 16.0 ] }
            }
        },
        {
            "name": "Cube",
            "from": [ 6.0, 0.0, 0.0 ], 
            "to": [ 7.0, 2.0, 16.0 ], 
            "faces": {
                "north": { "texture": "#1", "uv": [ 9.0, 0.0, 10.0, 16.0 ] },
                "east": { "texture": "#1", "uv": [ 9.0, 0.0, 10.0, 16.0 ] },
                "south": { "texture": "#1", "uv": [ 9.0, 0.0, 10.0, 16.0 ] },
                "west": { "texture": "#1", "uv": [ 9.0, 0.0, 10.0, 16.0 ] },
                "up": { "texture": "#1", "uv": [ 9.0, 0.0, 10.0, 16.0 ] },
                "down": { "texture": "#1", "uv": [ 9.0, 0.0, 10.0, 16.0 ] }
            }
        },
        {
            "name": "Cube",
            "from": [ 9.0, 0.0, 0.0 ], 
            "to": [ 10.0, 2.0, 16.0 ], 
            "faces": {
                "north": { "texture": "#1", "uv": [ 6.0, 0.0, 7.0, 16.0 ] },
                "east": { "texture": "#1", "uv": [ 6.0, 0.0, 7.0, 16.0 ] },
                "south": { "texture": "#1", "uv": [ 6.0, 0.0, 7.0, 16.0 ] },
                "west": { "texture": "#1", "uv": [ 6.0, 0.0, 7.0, 16.0 ] },
                "up": { "texture": "#1", "uv": [ 6.0, 0.0, 7.0, 16.0 ] },
                "down": { "texture": "#1", "uv": [ 6.0, 0.0, 7.0, 16.0 ] }
            }
        }
    ]
}