{
    "textures": {
        "particle": "#wall"
    },
    "elements": [
        {   "from": [ 4, 0, 4 ],
            "to": [ 12, 16, 12 ],
            "faces": {
                "down":  { "uv": [ 4, 4, 12, 12 ], "texture": "#wall", "cullface": "down" },
                "up":    { "uv": [ 4, 4, 12, 12 ], "texture": "#wall", "cullface": "up"   },
                "north": { "uv": [ 4, 0, 12, 16 ], "texture": "#wall" },
                "south": { "uv": [ 4, 0, 12, 16 ], "texture": "#wall" },
                "west":  { "uv": [ 4, 0, 12, 16 ], "texture": "#wall" },
                "east":  { "uv": [ 4, 0, 12, 16 ], "texture": "#wall" }
            },
            "__comment": "Center post"
        },
        {   "from": [ 5, 0, 0 ],
            "to": [ 11, 13, 4 ],
            "faces": {
                "down":  { "uv": [ 5, 0, 11,  4 ], "texture": "#wall", "cullface": "down" },
                "up":    { "uv": [ 5, 0, 11,  4 ], "texture": "#wall" },
                "north": { "uv": [ 5, 3, 11, 16 ], "texture": "#wall", "cullface": "north" },
                "west":  { "uv": [ 0, 3,  4, 16 ], "texture": "#wall" },
                "east":  { "uv": [ 0, 3,  4, 16 ], "texture": "#wall" }
            },
            "__comment": "North wall"
        }
    ]
}
