{
    "__comment": "This model has been generated using Fizzy's animated model generator", 
    "textures": {
        "texture": "blocks/worm"
    }, 
    "elements": [
        {
            "from": [ 0.5, 0, 9.95287 ], 
            "to":   [ 2.5, 1.5, 15.9529 ], 
            "rotation":  { "origin": [0.5, 0, 9.95287], "axis": "y", "angle":22.5 }, 
            "faces": {
                "down":  { "uv": [3.875, 3.75, 3.25, 2.25], "texture": "#texture" }, 
                "up":    { "uv": [0.125, 2.25, 0.75, 3.75], "texture": "#texture" }, 
                "north": { "uv": [3.25, 3.25, 3.875, 4], "texture": "#texture" }, 
                "south": { "uv": [0.125, 3.25, 0.75, 4], "texture": "#texture" }, 
                "west":  { "uv": [2.25, 3.25, 3.75, 4], "texture": "#texture" }, 
                "east":  { "uv": [0.25, 3.25, 1.75, 4], "texture": "#texture" }
            }
        }, 
        {
            "from": [ 0.5, 0, 3.5 ], 
            "to":   [ 3.5, 2, 10.5 ], 
            "faces": {
                "down":  { "uv": [3.875, 3.75, 3.25, 2.25], "texture": "#texture" }, 
                "up":    { "uv": [0.125, 2.25, 0.75, 3.75], "texture": "#texture" }, 
                "north": { "uv": [3.25, 3.25, 3.875, 4], "texture": "#texture" }, 
                "south": { "uv": [0.125, 3.25, 0.75, 4], "texture": "#texture" }, 
                "west":  { "uv": [2.25, 3.25, 3.75, 4], "texture": "#texture" }, 
                "east":  { "uv": [0.25, 3.25, 1.75, 4], "texture": "#texture" }
            }
        }, 
        {
            "from": [ 4.5, 0, 0 ], 
            "to":   [ 8, 2.5, 5 ], 
            "rotation":  { "origin": [4.5, 0, 0], "axis": "y", "angle":-45 }, 
            "faces": {
                "down":  { "uv": [3.875, 3.75, 3.25, 2.25], "texture": "#texture" }, 
                "up":    { "uv": [0.125, 2.25, 0.75, 3.75], "texture": "#texture" }, 
                "north": { "uv": [3.25, 3.25, 3.875, 4], "texture": "#texture" }, 
                "south": { "uv": [0.125, 3.25, 0.75, 4], "texture": "#texture" }, 
                "west":  { "uv": [2.25, 3.25, 3.75, 4], "texture": "#texture" }, 
                "east":  { "uv": [0.25, 3.25, 1.75, 4], "texture": "#texture" }
            }
        }, 
        {
            "from": [ 4.5, 0, 0 ], 
            "to":   [ 10.5, 3, 3.5 ], 
            "faces": {
                "down":  { "uv": [3.875, 3.75, 3.25, 2.25], "texture": "#texture" }, 
                "up":    { "uv": [0.125, 2.25, 0.75, 3.75], "texture": "#texture" }, 
                "north": { "uv": [3.25, 3.25, 3.875, 4], "texture": "#texture" }, 
                "south": { "uv": [0.125, 3.25, 0.75, 4], "texture": "#texture" }, 
                "west":  { "uv": [2.25, 3.25, 3.75, 4], "texture": "#texture" }, 
                "east":  { "uv": [0.25, 3.25, 1.75, 4], "texture": "#texture" }
            }
        }, 
        {
            "from": [ 8, 0, 2.5 ], 
            "to":   [ 11.5, 3, 7.5 ], 
            "rotation":  { "origin": [8, 0, 2.5], "axis": "y", "angle":45 }, 
            "faces": {
                "down":  { "uv": [3.875, 3.75, 3.25, 2.25], "texture": "#texture" }, 
                "up":    { "uv": [0.125, 2.25, 0.75, 3.75], "texture": "#texture" }, 
                "north": { "uv": [3.25, 3.25, 3.875, 4], "texture": "#texture" }, 
                "south": { "uv": [0.125, 3.25, 0.75, 4], "texture": "#texture" }, 
                "west":  { "uv": [2.25, 3.25, 3.75, 4], "texture": "#texture" }, 
                "east":  { "uv": [0.25, 3.25, 1.75, 4], "texture": "#texture" }
            }
        }, 
        {
            "from": [ 10.9759, 0, 2.5 ], 
            "to":   [ 14.4759, 3, 7.5 ], 
            "rotation":  { "origin": [10.9759, 0, 2.5], "axis": "y", "angle":-22.5 }, 
            "faces": {
                "down":  { "uv": [3.875, 3.75, 3.25, 2.25], "texture": "#texture" }, 
                "up":    { "uv": [0.125, 2.25, 0.75, 3.75], "texture": "#texture" }, 
                "north": { "uv": [3.25, 3.25, 3.875, 4], "texture": "#texture" }, 
                "south": { "uv": [0.125, 3.25, 0.75, 4], "texture": "#texture" }, 
                "west":  { "uv": [2.25, 3.25, 3.75, 4], "texture": "#texture" }, 
                "east":  { "uv": [0.25, 3.25, 1.75, 4], "texture": "#texture" }
            }
        }, 
        {
            "from": [ 9, 0, 6.5 ], 
            "to":   [ 13, 3.5, 14 ], 
            "faces": {
                "down":  { "uv": [3.875, 3.75, 3.25, 2.25], "texture": "#texture" }, 
                "up":    { "uv": [0.125, 2.25, 0.75, 3.75], "texture": "#texture" }, 
                "north": { "uv": [3.25, 3.25, 3.875, 4], "texture": "#texture" }, 
                "south": { "uv": [0, 4, 4, 8], "texture": "#texture" }, 
                "west":  { "uv": [2.25, 3.25, 3.75, 4], "texture": "#texture" }, 
                "east":  { "uv": [0.25, 3.25, 1.75, 4], "texture": "#texture" }
            }
        }, 
        {
            "from": [ 9.75, 2.5, 14 ], 
            "to":   [ 10.25, 3, 14.5 ], 
            "faces": {
                "down":  { "uv": [5.5625, 3.625, 5.4375, 3.5], "texture": "#texture" }, 
                "up":    { "uv": [6.4375, 3.5, 6.5625, 3.625], "texture": "#texture" }, 
                "north": { "uv": [5.4375, 3.25, 5.5625, 3.375], "texture": "#texture" }, 
                "south": { "uv": [6.4375, 3.25, 6.5625, 3.375], "texture": "#texture" }, 
                "west":  { "uv": [7.5, 3.25, 7.625, 3.375], "texture": "#texture" }, 
                "east":  { "uv": [4.375, 3.25, 4.5, 3.375], "texture": "#texture" }
            }
        }, 
        {
            "from": [ 10.8125, 2.8125, 14 ], 
            "to":   [ 11.3125, 3.3125, 14.5 ], 
            "faces": {
                "down":  { "uv": [5.296875, 3.625, 5.171875, 3.5], "texture": "#texture" }, 
                "up":    { "uv": [6.703125, 3.5, 6.828125, 3.625], "texture": "#texture" }, 
                "north": { "uv": [5.171875, 3.171875, 5.296875, 3.296875], "texture": "#texture" }, 
                "south": { "uv": [6.703125, 3.171875, 6.828125, 3.296875], "texture": "#texture" }, 
                "west":  { "uv": [7.5, 3.171875, 7.625, 3.296875], "texture": "#texture" }, 
                "east":  { "uv": [4.375, 3.171875, 4.5, 3.296875], "texture": "#texture" }
            }
        }, 
        {
            "from": [ 11.75, 2.5, 14 ], 
            "to":   [ 12.25, 3, 14.5 ], 
            "faces": {
                "down":  { "uv": [5.0625, 3.625, 4.9375, 3.5], "texture": "#texture" }, 
                "up":    { "uv": [6.9375, 3.5, 7.0625, 3.625], "texture": "#texture" }, 
                "north": { "uv": [4.9375, 3.25, 5.0625, 3.375], "texture": "#texture" }, 
                "south": { "uv": [6.9375, 3.25, 7.0625, 3.375], "texture": "#texture" }, 
                "west":  { "uv": [7.5, 3.25, 7.625, 3.375], "texture": "#texture" }, 
                "east":  { "uv": [4.375, 3.25, 4.5, 3.375], "texture": "#texture" }
            }
        }, 
        {
            "from": [ 12.125, 1.5, 14 ], 
            "to":   [ 12.625, 2, 14.5 ], 
            "faces": {
                "down":  { "uv": [4.96875, 3.625, 4.84375, 3.5], "texture": "#texture" }, 
                "up":    { "uv": [7.03125, 3.5, 7.15625, 3.625], "texture": "#texture" }, 
                "north": { "uv": [4.84375, 3.5, 4.96875, 3.625], "texture": "#texture" }, 
                "south": { "uv": [7.03125, 3.5, 7.15625, 3.625], "texture": "#texture" }, 
                "west":  { "uv": [7.5, 3.5, 7.625, 3.625], "texture": "#texture" }, 
                "east":  { "uv": [4.375, 3.5, 4.5, 3.625], "texture": "#texture" }
            }
        }, 
        {
            "from": [ 9.3125, 1.5, 14 ], 
            "to":   [ 9.8125, 2, 14.5 ], 
            "faces": {
                "down":  { "uv": [5.671875, 3.625, 5.546875, 3.5], "texture": "#texture" }, 
                "up":    { "uv": [6.328125, 3.5, 6.453125, 3.625], "texture": "#texture" }, 
                "north": { "uv": [5.546875, 3.5, 5.671875, 3.625], "texture": "#texture" }, 
                "south": { "uv": [6.328125, 3.5, 6.453125, 3.625], "texture": "#texture" }, 
                "west":  { "uv": [7.5, 3.5, 7.625, 3.625], "texture": "#texture" }, 
                "east":  { "uv": [4.375, 3.5, 4.5, 3.625], "texture": "#texture" }
            }
        }, 
        {
            "from": [ 9.6875, 0.5, 14 ], 
            "to":   [ 10.1875, 1, 14.5 ], 
            "faces": {
                "down":  { "uv": [5.578125, 3.625, 5.453125, 3.5], "texture": "#texture" }, 
                "up":    { "uv": [6.421875, 3.5, 6.546875, 3.625], "texture": "#texture" }, 
                "north": { "uv": [5.453125, 3.75, 5.578125, 3.875], "texture": "#texture" }, 
                "south": { "uv": [6.421875, 3.75, 6.546875, 3.875], "texture": "#texture" }, 
                "west":  { "uv": [7.5, 3.75, 7.625, 3.875], "texture": "#texture" }, 
                "east":  { "uv": [4.375, 3.75, 4.5, 3.875], "texture": "#texture" }
            }
        }, 
        {
            "from": [ 11.6875, 0.5, 14 ], 
            "to":   [ 12.1875, 1, 14.5 ], 
            "faces": {
                "down":  { "uv": [5.078125, 3.625, 4.953125, 3.5], "texture": "#texture" }, 
                "up":    { "uv": [6.921875, 3.5, 7.046875, 3.625], "texture": "#texture" }, 
                "north": { "uv": [4.953125, 3.75, 5.078125, 3.875], "texture": "#texture" }, 
                "south": { "uv": [6.921875, 3.75, 7.046875, 3.875], "texture": "#texture" }, 
                "west":  { "uv": [7.5, 3.75, 7.625, 3.875], "texture": "#texture" }, 
                "east":  { "uv": [4.375, 3.75, 4.5, 3.875], "texture": "#texture" }
            }
        }, 
        {
            "from": [ 10.75, 0.25, 14 ], 
            "to":   [ 11.25, 0.75, 14.5 ], 
            "faces": {
                "down":  { "uv": [5.3125, 3.625, 5.1875, 3.5], "texture": "#texture" }, 
                "up":    { "uv": [6.6875, 3.5, 6.8125, 3.625], "texture": "#texture" }, 
                "north": { "uv": [5.1875, 3.8125, 5.3125, 3.9375], "texture": "#texture" }, 
                "south": { "uv": [6.6875, 3.8125, 6.8125, 3.9375], "texture": "#texture" }, 
                "west":  { "uv": [7.5, 3.8125, 7.625, 3.9375], "texture": "#texture" }, 
                "east":  { "uv": [4.375, 3.8125, 4.5, 3.9375], "texture": "#texture" }
            }
        }, 
        {
            "from": [ 10.4375, 1.25, 13.625 ], 
            "to":   [ 10.9375, 1.75, 14.125 ], 
            "faces": {
                "down":  { "uv": [5.390625, 3.53125, 5.265625, 3.40625], "texture": "#texture" }, 
                "up":    { "uv": [6.609375, 3.40625, 6.734375, 3.53125], "texture": "#texture" }, 
                "north": { "uv": [5.265625, 3.5625, 5.390625, 3.6875], "texture": "#texture" }, 
                "south": { "uv": [6.609375, 3.5625, 6.734375, 3.6875], "texture": "#texture" }, 
                "west":  { "uv": [7.40625, 3.5625, 7.53125, 3.6875], "texture": "#texture" }, 
                "east":  { "uv": [4.46875, 3.5625, 4.59375, 3.6875], "texture": "#texture" }
            }
        }, 
        {
            "from": [ 11.125, 1.25, 13.625 ], 
            "to":   [ 11.625, 1.75, 14.125 ], 
            "faces": {
                "down":  { "uv": [5.21875, 3.53125, 5.09375, 3.40625], "texture": "#texture" }, 
                "up":    { "uv": [6.78125, 3.40625, 6.90625, 3.53125], "texture": "#texture" }, 
                "north": { "uv": [5.09375, 3.5625, 5.21875, 3.6875], "texture": "#texture" }, 
                "south": { "uv": [6.78125, 3.5625, 6.90625, 3.6875], "texture": "#texture" }, 
                "west":  { "uv": [7.40625, 3.5625, 7.53125, 3.6875], "texture": "#texture" }, 
                "east":  { "uv": [4.46875, 3.5625, 4.59375, 3.6875], "texture": "#texture" }
            }
        }, 
        {
            "from": [ 11.125, 2, 13.625 ], 
            "to":   [ 11.625, 2.5, 14.125 ], 
            "faces": {
                "down":  { "uv": [5.21875, 3.53125, 5.09375, 3.40625], "texture": "#texture" }, 
                "up":    { "uv": [6.78125, 3.40625, 6.90625, 3.53125], "texture": "#texture" }, 
                "north": { "uv": [5.09375, 3.375, 5.21875, 3.5], "texture": "#texture" }, 
                "south": { "uv": [6.78125, 3.375, 6.90625, 3.5], "texture": "#texture" }, 
                "west":  { "uv": [7.40625, 3.375, 7.53125, 3.5], "texture": "#texture" }, 
                "east":  { "uv": [4.46875, 3.375, 4.59375, 3.5], "texture": "#texture" }
            }
        }, 
        {
            "from": [ 10.4375, 2, 13.625 ], 
            "to":   [ 10.9375, 2.5, 14.125 ], 
            "faces": {
                "down":  { "uv": [5.390625, 3.53125, 5.265625, 3.40625], "texture": "#texture" }, 
                "up":    { "uv": [6.609375, 3.40625, 6.734375, 3.53125], "texture": "#texture" }, 
                "north": { "uv": [5.265625, 3.375, 5.390625, 3.5], "texture": "#texture" }, 
                "south": { "uv": [6.609375, 3.375, 6.734375, 3.5], "texture": "#texture" }, 
                "west":  { "uv": [7.40625, 3.375, 7.53125, 3.5], "texture": "#texture" }, 
                "east":  { "uv": [4.46875, 3.375, 4.59375, 3.5], "texture": "#texture" }
            }
        }, 
        {
            "from": [ 0.5, 0, 9.95287 ], 
            "to":   [ 2.5, 1.5, 15.9529 ], 
            "rotation":  { "origin": [0.5, 0, 9.95287], "axis": "y", "angle":22.5 }, 
            "faces": {
                "down":  { "uv": [11.875, 3.75, 11.25, 2.25], "texture": "#texture" }, 
                "up":    { "uv": [8.125, 2.25, 8.75, 3.75], "texture": "#texture" }, 
                "north": { "uv": [11.25, 3.25, 11.875, 4], "texture": "#texture" }, 
                "south": { "uv": [8.125, 3.25, 8.75, 4], "texture": "#texture" }, 
                "west":  { "uv": [10.25, 3.25, 11.75, 4], "texture": "#texture" }, 
                "east":  { "uv": [8.25, 3.25, 9.75, 4], "texture": "#texture" }
            }
        }, 
        {
            "from": [ 0.5, 0, 3.5 ], 
            "to":   [ 3.5, 2, 10.5 ], 
            "faces": {
                "down":  { "uv": [11.875, 3.75, 11.25, 2.25], "texture": "#texture" }, 
                "up":    { "uv": [8.125, 2.25, 8.75, 3.75], "texture": "#texture" }, 
                "north": { "uv": [11.25, 3.25, 11.875, 4], "texture": "#texture" }, 
                "south": { "uv": [8.125, 3.25, 8.75, 4], "texture": "#texture" }, 
                "west":  { "uv": [10.25, 3.25, 11.75, 4], "texture": "#texture" }, 
                "east":  { "uv": [8.25, 3.25, 9.75, 4], "texture": "#texture" }
            }
        }, 
        {
            "from": [ 4.5, 0, 0 ], 
            "to":   [ 8, 2.5, 5 ], 
            "rotation":  { "origin": [4.5, 0, 0], "axis": "y", "angle":-45 }, 
            "faces": {
                "down":  { "uv": [11.875, 3.75, 11.25, 2.25], "texture": "#texture" }, 
                "up":    { "uv": [8.125, 2.25, 8.75, 3.75], "texture": "#texture" }, 
                "north": { "uv": [11.25, 3.25, 11.875, 4], "texture": "#texture" }, 
                "south": { "uv": [8.125, 3.25, 8.75, 4], "texture": "#texture" }, 
                "west":  { "uv": [10.25, 3.25, 11.75, 4], "texture": "#texture" }, 
                "east":  { "uv": [8.25, 3.25, 9.75, 4], "texture": "#texture" }
            }
        }, 
        {
            "from": [ 4.5, 0, 0 ], 
            "to":   [ 10.5, 3, 3.5 ], 
            "faces": {
                "down":  { "uv": [11.875, 3.75, 11.25, 2.25], "texture": "#texture" }, 
                "up":    { "uv": [8.125, 2.25, 8.75, 3.75], "texture": "#texture" }, 
                "north": { "uv": [11.25, 3.25, 11.875, 4], "texture": "#texture" }, 
                "south": { "uv": [8.125, 3.25, 8.75, 4], "texture": "#texture" }, 
                "west":  { "uv": [10.25, 3.25, 11.75, 4], "texture": "#texture" }, 
                "east":  { "uv": [8.25, 3.25, 9.75, 4], "texture": "#texture" }
            }
        }, 
        {
            "from": [ 8, 0, 2.5 ], 
            "to":   [ 11.5, 3, 7.5 ], 
            "rotation":  { "origin": [8, 0, 2.5], "axis": "y", "angle":45 }, 
            "faces": {
                "down":  { "uv": [11.875, 3.75, 11.25, 2.25], "texture": "#texture" }, 
                "up":    { "uv": [8.125, 2.25, 8.75, 3.75], "texture": "#texture" }, 
                "north": { "uv": [11.25, 3.25, 11.875, 4], "texture": "#texture" }, 
                "south": { "uv": [8.125, 3.25, 8.75, 4], "texture": "#texture" }, 
                "west":  { "uv": [10.25, 3.25, 11.75, 4], "texture": "#texture" }, 
                "east":  { "uv": [8.25, 3.25, 9.75, 4], "texture": "#texture" }
            }
        }, 
        {
            "from": [ 10.9759, 0, 2.5 ], 
            "to":   [ 14.4759, 3, 7.5 ], 
            "rotation":  { "origin": [10.9759, 0, 2.5], "axis": "y", "angle":-22.5 }, 
            "faces": {
                "down":  { "uv": [11.875, 3.75, 11.25, 2.25], "texture": "#texture" }, 
                "up":    { "uv": [8.125, 2.25, 8.75, 3.75], "texture": "#texture" }, 
                "north": { "uv": [11.25, 3.25, 11.875, 4], "texture": "#texture" }, 
                "south": { "uv": [8.125, 3.25, 8.75, 4], "texture": "#texture" }, 
                "west":  { "uv": [10.25, 3.25, 11.75, 4], "texture": "#texture" }, 
                "east":  { "uv": [8.25, 3.25, 9.75, 4], "texture": "#texture" }
            }
        }, 
        {
            "from": [ 9, 0, 6.5 ], 
            "to":   [ 13, 3.5, 14 ], 
            "rotation":  { "origin": [9, 3.5, 6.5], "axis": "x", "angle":-22.5 }, 
            "faces": {
                "down":  { "uv": [11.875, 3.75, 11.25, 2.25], "texture": "#texture" }, 
                "up":    { "uv": [8.125, 2.25, 8.75, 3.75], "texture": "#texture" }, 
                "north": { "uv": [11.25, 3.25, 11.875, 4], "texture": "#texture" }, 
                "south": { "uv": [8, 4, 12, 8], "texture": "#texture" }, 
                "west":  { "uv": [10.25, 3.25, 11.75, 4], "texture": "#texture" }, 
                "east":  { "uv": [8.25, 3.25, 9.75, 4], "texture": "#texture" }
            }
        }, 
        {
            "from": [ 9.75, 5.25, 13.6875 ], 
            "to":   [ 10.25, 5.75, 14.1875 ], 
            "rotation":  { "origin": [9.75, 5.75, 13.6875], "axis": "x", "angle":-22.5 }, 
            "faces": {
                "down":  { "uv": [13.5625, 3.625, 13.4375, 3.5], "texture": "#texture" }, 
                "up":    { "uv": [14.4375, 3.5, 14.5625, 3.625], "texture": "#texture" }, 
                "north": { "uv": [13.4375, 2.5625, 13.5625, 2.6875], "texture": "#texture" }, 
                "south": { "uv": [14.4375, 2.5625, 14.5625, 2.6875], "texture": "#texture" }, 
                "west":  { "uv": [15.5, 2.5625, 15.625, 2.6875], "texture": "#texture" }, 
                "east":  { "uv": [12.375, 2.5625, 12.5, 2.6875], "texture": "#texture" }
            }
        }, 
        {
            "from": [ 10.8125, 5.5, 13.5625 ], 
            "to":   [ 11.3125, 6, 14.0625 ], 
            "rotation":  { "origin": [10.8125, 6, 13.5625], "axis": "x", "angle":-22.5 }, 
            "faces": {
                "down":  { "uv": [13.296875, 3.546875, 13.171875, 3.421875], "texture": "#texture" }, 
                "up":    { "uv": [14.703125, 3.421875, 14.828125, 3.546875], "texture": "#texture" }, 
                "north": { "uv": [13.171875, 2.5, 13.296875, 2.625], "texture": "#texture" }, 
                "south": { "uv": [14.703125, 2.5, 14.828125, 2.625], "texture": "#texture" }, 
                "west":  { "uv": [15.421875, 2.5, 15.546875, 2.625], "texture": "#texture" }, 
                "east":  { "uv": [12.453125, 2.5, 12.578125, 2.625], "texture": "#texture" }
            }
        }, 
        {
            "from": [ 11.8125, 5.25, 13.75 ], 
            "to":   [ 12.3125, 5.75, 14.25 ], 
            "rotation":  { "origin": [11.8125, 5.75, 13.75], "axis": "x", "angle":-22.5 }, 
            "faces": {
                "down":  { "uv": [13.0625, 3.625, 12.9375, 3.5], "texture": "#texture" }, 
                "up":    { "uv": [14.9375, 3.5, 15.0625, 3.625], "texture": "#texture" }, 
                "north": { "uv": [12.9375, 2.609375, 13.0625, 2.734375], "texture": "#texture" }, 
                "south": { "uv": [14.9375, 2.609375, 15.0625, 2.734375], "texture": "#texture" }, 
                "west":  { "uv": [15.5, 2.609375, 15.625, 2.734375], "texture": "#texture" }, 
                "east":  { "uv": [12.375, 2.609375, 12.5, 2.734375], "texture": "#texture" }
            }
        }, 
        {
            "from": [ 12.125, 4.5, 14 ], 
            "to":   [ 12.625, 5, 14.5 ], 
            "rotation":  { "origin": [12.125, 5, 14], "axis": "x", "angle":-22.5 }, 
            "faces": {
                "down":  { "uv": [12.96875, 3.625, 12.84375, 3.5], "texture": "#texture" }, 
                "up":    { "uv": [15.03125, 3.5, 15.15625, 3.625], "texture": "#texture" }, 
                "north": { "uv": [12.84375, 2.90625, 12.96875, 3.03125], "texture": "#texture" }, 
                "south": { "uv": [15.03125, 2.90625, 15.15625, 3.03125], "texture": "#texture" }, 
                "west":  { "uv": [15.5, 2.90625, 15.625, 3.03125], "texture": "#texture" }, 
                "east":  { "uv": [12.375, 2.90625, 12.5, 3.03125], "texture": "#texture" }
            }
        }, 
        {
            "from": [ 9.5, 4.5, 14 ], 
            "to":   [ 10, 5, 14.5 ], 
            "rotation":  { "origin": [9.5, 5, 14], "axis": "x", "angle":-22.5 }, 
            "faces": {
                "down":  { "uv": [13.65625, 3.625, 13.53125, 3.5], "texture": "#texture" }, 
                "up":    { "uv": [14.34375, 3.5, 14.46875, 3.625], "texture": "#texture" }, 
                "north": { "uv": [13.53125, 2.75, 13.65625, 2.875], "texture": "#texture" }, 
                "south": { "uv": [14.34375, 2.75, 14.46875, 2.875], "texture": "#texture" }, 
                "west":  { "uv": [15.5, 2.75, 15.625, 2.875], "texture": "#texture" }, 
                "east":  { "uv": [12.375, 2.75, 12.5, 2.875], "texture": "#texture" }
            }
        }, 
        {
            "from": [ 9.8125, 3.8125, 14.25 ], 
            "to":   [ 10.3125, 4.3125, 14.75 ], 
            "rotation":  { "origin": [9.8125, 4.3125, 14.25], "axis": "x", "angle":-22.5 }, 
            "faces": {
                "down":  { "uv": [13.546875, 3.625, 13.421875, 3.5], "texture": "#texture" }, 
                "up":    { "uv": [14.453125, 3.5, 14.578125, 3.625], "texture": "#texture" }, 
                "north": { "uv": [13.421875, 3, 13.546875, 3.125], "texture": "#texture" }, 
                "south": { "uv": [14.453125, 3, 14.578125, 3.125], "texture": "#texture" }, 
                "west":  { "uv": [15.5, 3, 15.625, 3.125], "texture": "#texture" }, 
                "east":  { "uv": [12.375, 3, 12.5, 3.125], "texture": "#texture" }
            }
        }, 
        {
            "from": [ 10.8125, 3.5, 14.4375 ], 
            "to":   [ 11.3125, 4, 14.9375 ], 
            "rotation":  { "origin": [10.8125, 4, 14.4375], "axis": "x", "angle":-22.5 }, 
            "faces": {
                "down":  { "uv": [13.296875, 3.734375, 13.171875, 3.609375], "texture": "#texture" }, 
                "up":    { "uv": [14.703125, 3.609375, 14.828125, 3.734375], "texture": "#texture" }, 
                "north": { "uv": [13.171875, 2.96875, 13.296875, 3.09375], "texture": "#texture" }, 
                "south": { "uv": [14.703125, 2.96875, 14.828125, 3.09375], "texture": "#texture" }, 
                "west":  { "uv": [15.609375, 2.96875, 15.734375, 3.09375], "texture": "#texture" }, 
                "east":  { "uv": [12.265625, 2.96875, 12.390625, 3.09375], "texture": "#texture" }
            }
        }, 
        {
            "from": [ 10.4375, 4.125, 13.9375 ], 
            "to":   [ 10.9375, 4.625, 14.4375 ], 
            "rotation":  { "origin": [10.4375, 4.625, 13.9375], "axis": "x", "angle":-22.5 }, 
            "faces": {
                "down":  { "uv": [13.390625, 3.53125, 13.265625, 3.40625], "texture": "#texture" }, 
                "up":    { "uv": [14.609375, 3.40625, 14.734375, 3.53125], "texture": "#texture" }, 
                "north": { "uv": [13.265625, 3.5625, 13.390625, 3.6875], "texture": "#texture" }, 
                "south": { "uv": [14.609375, 3.5625, 14.734375, 3.6875], "texture": "#texture" }, 
                "west":  { "uv": [15.40625, 3.5625, 15.53125, 3.6875], "texture": "#texture" }, 
                "east":  { "uv": [12.46875, 3.5625, 12.59375, 3.6875], "texture": "#texture" }
            }
        }, 
        {
            "from": [ 11.125, 4.125, 13.9375 ], 
            "to":   [ 11.625, 4.625, 14.4375 ], 
            "rotation":  { "origin": [11.125, 4.625, 13.9375], "axis": "x", "angle":-22.5 }, 
            "faces": {
                "down":  { "uv": [13.21875, 3.53125, 13.09375, 3.40625], "texture": "#texture" }, 
                "up":    { "uv": [14.78125, 3.40625, 14.90625, 3.53125], "texture": "#texture" }, 
                "north": { "uv": [13.09375, 3.21875, 13.21875, 3.34375], "texture": "#texture" }, 
                "south": { "uv": [14.78125, 3.21875, 14.90625, 3.34375], "texture": "#texture" }, 
                "west":  { "uv": [15.40625, 3.21875, 15.53125, 3.34375], "texture": "#texture" }, 
                "east":  { "uv": [12.46875, 3.21875, 12.59375, 3.34375], "texture": "#texture" }
            }
        }, 
        {
            "from": [ 11.125, 4.75, 13.625 ], 
            "to":   [ 11.625, 5.25, 14.125 ], 
            "rotation":  { "origin": [11.125, 5.25, 13.625], "axis": "x", "angle":-22.5 }, 
            "faces": {
                "down":  { "uv": [13.21875, 3.53125, 13.09375, 3.40625], "texture": "#texture" }, 
                "up":    { "uv": [14.78125, 3.40625, 14.90625, 3.53125], "texture": "#texture" }, 
                "north": { "uv": [13.09375, 2.765625, 13.21875, 2.890625], "texture": "#texture" }, 
                "south": { "uv": [14.78125, 2.765625, 14.90625, 2.890625], "texture": "#texture" }, 
                "west":  { "uv": [15.40625, 2.765625, 15.53125, 2.890625], "texture": "#texture" }, 
                "east":  { "uv": [12.46875, 2.765625, 12.59375, 2.890625], "texture": "#texture" }
            }
        }, 
        {
            "from": [ 10.4375, 4.75, 13.625 ], 
            "to":   [ 10.9375, 5.25, 14.125 ], 
            "rotation":  { "origin": [10.4375, 5.25, 13.625], "axis": "x", "angle":-22.5 }, 
            "faces": {
                "down":  { "uv": [13.390625, 3.53125, 13.265625, 3.40625], "texture": "#texture" }, 
                "up":    { "uv": [14.609375, 3.40625, 14.734375, 3.53125], "texture": "#texture" }, 
                "north": { "uv": [13.265625, 2.6875, 13.390625, 2.8125], "texture": "#texture" }, 
                "south": { "uv": [14.609375, 2.6875, 14.734375, 2.8125], "texture": "#texture" }, 
                "west":  { "uv": [15.40625, 2.6875, 15.53125, 2.8125], "texture": "#texture" }, 
                "east":  { "uv": [12.46875, 2.6875, 12.59375, 2.8125], "texture": "#texture" }
            }
        }, 
        {
            "from": [ 11.8125, 3.75, 14.3125 ], 
            "to":   [ 12.3125, 4.25, 14.8125 ], 
            "rotation":  { "origin": [11.8125, 4.25, 14.3125], "axis": "x", "angle":-22.5 }, 
            "faces": {
                "down":  { "uv": [13.0625, 3.625, 12.9375, 3.5], "texture": "#texture" }, 
                "up":    { "uv": [14.9375, 3.5, 15.0625, 3.625], "texture": "#texture" }, 
                "north": { "uv": [12.9375, 2.609375, 13.0625, 2.734375], "texture": "#texture" }, 
                "south": { "uv": [14.9375, 2.609375, 15.0625, 2.734375], "texture": "#texture" }, 
                "west":  { "uv": [15.5, 2.609375, 15.625, 2.734375], "texture": "#texture" }, 
                "east":  { "uv": [12.375, 2.609375, 12.5, 2.734375], "texture": "#texture" }
            }
        }
    ], 
    "display": {
        "head": {
            "rotation":  [ 0, -180, 0 ], 
            "translation": [ 0, 4.7, 0 ], 
            "scale": [ 2, 2, 2 ]
        }
    }
}