{
	"credit": "Made with Blockbench",
	"textures": {
		"3": "blocks/bone_block_side",
		"4": "blocks/bone_block_top",
		"6": "blocks/log_birch",
		"particle": "blocks/bone_block_side"
	},
	"elements": [
		{
			"from": [-13.1776, 6.6752, 6.6752],
			"to": [12.6176, 9.3248, 9.3248],
			"faces": {
				"north": {"uv": [0, 0, 16, 16], "texture": "#3"},
				"east": {"uv": [0, 0, 16, 16], "texture": "#3"},
				"south": {"uv": [0, 0, 16, 16], "texture": "#3"},
				"west": {"uv": [0, 0, 16, 16], "texture": "#3"},
				"up": {"uv": [0, 0, 16, 16], "texture": "#3"},
				"down": {"uv": [0, 0, 16, 16], "texture": "#3"}
			}
		},
		{
			"from": [-4.48, 6.47331, 6.47331],
			"to": [2.10586, 9.52669, 9.52669],
			"faces": {
				"north": {"uv": [0, 1.5, 16, 4.553], "texture": "#6"},
				"east": {"uv": [0, 1.5, 16, 4.553], "texture": "#6"},
				"south": {"uv": [0, 1.5, 16, 4.553], "texture": "#6"},
				"west": {"uv": [0, 1.5, 16, 4.553], "texture": "#6"},
				"up": {"uv": [0, 1.5, 16, 4.553], "texture": "#6"},
				"down": {"uv": [0, 1.5, 16, 4.553], "texture": "#6"}
			}
		},
		{
			"from": [-15, 5.9912, 5.9912],
			"to": [-13.3344, 10.0088, 10.0088],
			"faces": {
				"north": {"uv": [1, 5, 3, 9], "texture": "#4"},
				"east": {"uv": [1, 5, 3, 9], "texture": "#4"},
				"south": {"uv": [1, 5, 3, 9], "texture": "#4"},
				"west": {"uv": [1, 5, 3, 9], "texture": "#4"},
				"up": {"uv": [1, 5, 3, 9], "texture": "#4"},
				"down": {"uv": [1, 5, 3, 9], "texture": "#4"}
			}
		},
		{
			"from": [-0.44339, 6.78118, 6.78118],
			"to": [20.96819, 9.21882, 9.21882],
			"faces": {
				"north": {"uv": [0, 0, 16, 16], "texture": "#3"},
				"east": {"uv": [0, 0, 16, 16], "texture": "#3"},
				"south": {"uv": [0, 0, 16, 16], "texture": "#3"},
				"west": {"uv": [0, 0, 16, 16], "texture": "#3"},
				"up": {"uv": [0, 0, 16, 16], "texture": "#3"},
				"down": {"uv": [0, 0, 16, 16], "texture": "#3"}
			}
		},
		{
			"from": [6.07208, 6.87869, 6.87869],
			"to": [31.29074, 9.12131, 9.12131],
			"faces": {
				"north": {"uv": [0, 0, 16, 16], "texture": "#3"},
				"east": {"uv": [0, 0, 16, 16], "texture": "#3"},
				"south": {"uv": [0, 0, 16, 16], "texture": "#3"},
				"west": {"uv": [0, 0, 16, 16], "texture": "#3"},
				"up": {"uv": [0, 0, 16, 16], "texture": "#3"},
				"down": {"uv": [0, 0, 16, 16], "texture": "#3"}
			}
		},
		{
			"from": [-15.71707, 6.2, 6.18979],
			"to": [-4.43211, 9.82041, 9.81021],
			"faces": {
				"north": {"uv": [0, 0, 16, 16], "texture": "#3"},
				"east": {"uv": [0, 0, 16, 16], "texture": "#3"},
				"south": {"uv": [0, 0, 16, 16], "texture": "#3"},
				"west": {"uv": [0, 0, 16, 16], "texture": "#3"},
				"up": {"uv": [0, 0, 16, 16], "texture": "#3"},
				"down": {"uv": [0, 0, 16, 16], "texture": "#3"}
			}
		},
		{
			"from": [-15.21917, 6.82041, 3.68666],
			"to": [-13.21917, 9.82041, 6.68666],
			"rotation": {"angle": -22.5, "axis": "y", "origin": [-14.21917, 9.32041, 5.18666]},
			"faces": {
				"north": {"uv": [0, 0, 16, 16], "texture": "#3"},
				"east": {"uv": [0, 0, 16, 16], "texture": "#3"},
				"south": {"uv": [0, 0, 16, 16], "texture": "#3"},
				"west": {"uv": [0, 0, 16, 16], "texture": "#3"},
				"up": {"uv": [0, 0, 16, 16], "texture": "#3"},
				"down": {"uv": [0, 0, 16, 16], "texture": "#3"}
			}
		},
		{
			"from": [-16, 6.36605, 6.82159],
			"to": [-13.84, 9.60605, 11.06159],
			"faces": {
				"north": {"uv": [2, 4, 4.16, 7.24], "texture": "#4"},
				"east": {"uv": [2, 4, 4.16, 7.24], "texture": "#4"},
				"south": {"uv": [2, 4, 4.16, 7.24], "texture": "#4"},
				"west": {"uv": [2, 4, 4.16, 7.24], "texture": "#4"},
				"up": {"uv": [2, 4, 4.16, 7.24], "texture": "#4"},
				"down": {"uv": [2, 4, 4.16, 7.24], "texture": "#4"}
			}
		},
		{
			"from": [-15.0767, 6.36605, 8.82159],
			"to": [-12.9167, 9.60605, 12.06159],
			"faces": {
				"north": {"uv": [2, 4, 4.16, 7.24], "texture": "#4"},
				"east": {"uv": [2, 4, 4.16, 7.24], "texture": "#4"},
				"south": {"uv": [2, 4, 4.16, 7.24], "texture": "#4"},
				"west": {"uv": [2, 4, 4.16, 7.24], "texture": "#4"},
				"up": {"uv": [2, 4, 4.16, 7.24], "texture": "#4"},
				"down": {"uv": [2, 4, 4.16, 7.24], "texture": "#4"}
			}
		},
		{
			"from": [-13.0767, 6.36605, 8.82159],
			"to": [-10.9167, 9.60605, 11.06159],
			"faces": {
				"north": {"uv": [2, 4, 4.16, 7.24], "texture": "#4"},
				"east": {"uv": [2, 4, 4.16, 7.24], "texture": "#4"},
				"south": {"uv": [2, 4, 4.16, 7.24], "texture": "#4"},
				"west": {"uv": [2, 4, 4.16, 7.24], "texture": "#4"},
				"up": {"uv": [2, 4, 4.16, 7.24], "texture": "#4"},
				"down": {"uv": [2, 4, 4.16, 7.24], "texture": "#4"}
			}
		},
		{
			"from": [-14.52992, 6.82041, 2.61473],
			"to": [-10.52992, 9.82041, 4.11473],
			"rotation": {"angle": 22.5, "axis": "y", "origin": [-12.52992, 9.32041, 3.11473]},
			"faces": {
				"north": {"uv": [0, 0, 16, 16], "texture": "#3"},
				"east": {"uv": [0, 0, 16, 16], "texture": "#3"},
				"south": {"uv": [0, 0, 16, 16], "texture": "#3"},
				"west": {"uv": [0, 0, 16, 16], "texture": "#3"},
				"up": {"uv": [0, 0, 16, 16], "texture": "#3"},
				"down": {"uv": [0, 0, 16, 16], "texture": "#3"}
			}
		},
		{
			"from": [-5.52992, 6.82041, 2.61473],
			"to": [-1.52992, 9.82041, 3.61473],
			"rotation": {"angle": -45, "axis": "y", "origin": [-12.52992, 9.32041, 3.11473]},
			"faces": {
				"north": {"uv": [0, 0, 16, 16], "texture": "#3"},
				"east": {"uv": [0, 0, 16, 16], "texture": "#3"},
				"south": {"uv": [0, 0, 16, 16], "texture": "#3"},
				"west": {"uv": [0, 0, 16, 16], "texture": "#3"},
				"up": {"uv": [0, 0, 16, 16], "texture": "#3"},
				"down": {"uv": [0, 0, 16, 16], "texture": "#3"}
			}
		}
	],
	"display": {
		"thirdperson_righthand": {
			"rotation": [0, 90, 90],
			"translation": [0, 6, 0],
			"scale": [0.35, 0.4, 0.4]
		},
		"thirdperson_lefthand": {
			"rotation": [0, 90, -90],
			"translation": [0, 7, 0],
			"scale": [0.35, 0.4, 0.4]
		},
		"firstperson_righthand": {
			"rotation": [4, 86, 23],
			"translation": [17.5, -3.5, -20.5],
			"scale": [0.7, 0.75, 0.9]
		},
		"firstperson_lefthand": {
			"rotation": [4, 86, -157],
			"translation": [17.5, -3.5, -20.5],
			"scale": [0.7, 0.75, 0.9]
		},
		"gui": {
			"rotation": [67, 135, 1],
			"scale": [0.4, 0.4, 0.4]
		},
		"fixed": {
			"rotation": [90, 46, 0],
			"translation": [0, 0, -1.5],
			"scale": [0.53, 0.53, 0.53]
		}
	},
	"groups": [
		{
			"name": "wooden_sword",
			"children": [0, 1, 2, 3, 4, 5, 6, 7, 8, 9]
		}, 10, 11]
}