{
	"credit": "Made with Blockbench",
	"textures": {
		"0": "blocks/hay_block_side",
		"1": "blocks/hardened_clay_stained_brown",
		"particle": "blocks/hay_block_side"
	},
	"elements": [
		{
			"from": [7.9, -0.1, 0],
			"to": [9.1, 1.1, 14],
			"faces": {
				"north": {"uv": [0, 0, 1.2, 1.2], "texture": "#1"},
				"east": {"uv": [0, 0, 14, 1.2], "texture": "#1"},
				"south": {"uv": [0, 0, 1.2, 1.2], "texture": "#1"},
				"west": {"uv": [0, 0, 14, 1.2], "texture": "#1"},
				"up": {"uv": [0, 0, 1.2, 14], "texture": "#1"},
				"down": {"uv": [0, 0, 1.2, 14], "texture": "#1"}
			}
		},
		{
			"from": [7, -1, 10.5],
			"to": [10, 2, 15.6],
			"faces": {
				"north": {"uv": [0, 0, 3, 3], "texture": "#0"},
				"east": {"uv": [0, 0, 5.1, 3], "texture": "#0"},
				"south": {"uv": [0, 0, 3, 3], "texture": "#0"},
				"west": {"uv": [0, 0, 5.1, 3], "texture": "#0"},
				"up": {"uv": [0, 0, 16, 15.6], "texture": "#0"},
				"down": {"uv": [0, 0, 3, 5.1], "texture": "#0"}
			}
		},
		{
			"from": [3.25, -1, 14.35],
			"to": [4.15, 2, 17.35],
			"rotation": {"angle": 22.5, "axis": "y", "origin": [8, 8, 5.5]},
			"faces": {
				"north": {"uv": [0, 0, 0.9, 3], "texture": "#0"},
				"east": {"uv": [0, 0, 3, 3], "texture": "#0"},
				"south": {"uv": [0, 0, 0.9, 3], "texture": "#0"},
				"west": {"uv": [0, 0, 3, 3], "texture": "#0"},
				"up": {"uv": [0, 0, 16, 15.6], "texture": "#0"},
				"down": {"uv": [0, 0, 0.9, 3], "texture": "#0"}
			}
		},
		{
			"from": [13.05, -1, 13.95],
			"to": [13.65, 2, 17.25],
			"rotation": {"angle": -22.5, "axis": "y", "origin": [8, 8, 5.5]},
			"faces": {
				"north": {"uv": [0, 0, 0.6, 3], "texture": "#0"},
				"east": {"uv": [0, 0, 3.3, 3], "texture": "#0"},
				"south": {"uv": [0, 0, 0.6, 3], "texture": "#0"},
				"west": {"uv": [0, 0, 3.3, 3], "texture": "#0"},
				"up": {"uv": [0, 0, 16, 15.6], "texture": "#0"},
				"down": {"uv": [0, 0, 0.6, 3.3], "texture": "#0"}
			}
		},
		{
			"from": [8.05, -1, 13.95],
			"to": [9.35, 2, 16.75],
			"faces": {
				"north": {"uv": [0, 0, 1.3, 3], "texture": "#0"},
				"east": {"uv": [0, 0, 2.8, 3], "texture": "#0"},
				"south": {"uv": [0, 0, 1.3, 3], "texture": "#0"},
				"west": {"uv": [0, 0, 2.8, 3], "texture": "#0"},
				"up": {"uv": [0, 0, 16, 15.6], "texture": "#0"},
				"down": {"uv": [0, 0, 1.3, 2.8], "texture": "#0"}
			}
		},
		{
			"from": [8.05, -1, 15.95],
			"to": [8.95, 2, 17.15],
			"faces": {
				"north": {"uv": [0, 0, 0.9, 3], "texture": "#0"},
				"east": {"uv": [0, 0, 1.2, 3], "texture": "#0"},
				"south": {"uv": [0, 0, 0.9, 3], "texture": "#0"},
				"west": {"uv": [0, 0, 1.2, 3], "texture": "#0"},
				"up": {"uv": [0, 0, 16, 15.6], "texture": "#0"},
				"down": {"uv": [0, 0, 0.9, 1.2], "texture": "#0"}
			}
		}
	],
	"display": {
		"thirdperson_righthand": {
			"scale": [1.525, 1, 1.675],
			"rotation": [90, 0, 90],
			"translation": [-13.5, -4, -2]
		}
	}
}