{
	"__comment": "Designed by Majorisbr with BDcraft Cubik PRO 0.95 Beta - http://bdcraft.net",
	"textures": {
		"Trex": "blocks/trex",
		"coal_block": "blocks/coal_block",
		"quartz_block_bottom": "blocks/quartz_block_top",
		"bed_head_end": "blocks/bed_head_end"
	},
	"elements": [
		{
			"from": [ 0, 2.5, 18.5 ],
			"to": [ 16, 14.5, 32 ],
			"faces": {
				"down": { "uv": [ 0, 0, 16, 16 ], "texture": "#Trex" },
				"up": { "uv": [ 0, 0, 16, 16 ], "texture": "#Trex" },
				"north": { "uv": [ 0, 0, 16, 16 ], "texture": "#Trex" },
				"south": { "uv": [ 0, 0, 16, 16 ], "texture": "#Trex" },
				"west": { "uv": [ 0, 0, 16, 16 ], "texture": "#Trex" },
				"east": { "uv": [ 0, 0, 16, 16 ], "texture": "#Trex" }
			}
		},
		{
			"from": [ 1, 3.5, 17 ],
			"to": [ 15, 13.5, 18.5 ],
			"faces": {
				"down": { "uv": [ 0, 0, 16, 16 ], "texture": "#Trex", "rotation": 90 },
				"up": { "uv": [ 0, 0, 16, 16 ], "texture": "#Trex", "rotation": 270 },
				"north": { "uv": [ 0, 0, 16, 16 ], "texture": "#Trex" },
				"west": { "uv": [ 0, 0, 16, 16 ], "texture": "#Trex" },
				"east": { "uv": [ 0, 0, 16, 16 ], "texture": "#Trex" }
			}
		},
		{
			"from": [ 3.5, 8.5, 8.5 ],
			"to": [ 12.5, 17.5, 21.5 ],
			"rotation": { "origin": [ 3.5, 17.5, 8.5 ], "axis": "x", "angle": 22.5 },
			"faces": {
				"down": { "uv": [ 16, 15, 4.5, 1 ], "texture": "#Trex", "rotation": 90 },
				"up": { "uv": [ 0, 1, 11.5, 15 ], "texture": "#Trex", "rotation": 270 },
				"north": { "uv": [ 1, 3, 15, 12 ], "texture": "#Trex" },
				"south": { "uv": [ 1, 3, 15, 12 ], "texture": "#Trex" },
				"west": { "uv": [ 4.5, 3, 16, 12 ], "texture": "#Trex" },
				"east": { "uv": [ 0, 3, 11.5, 12 ], "texture": "#Trex" }
			}
		},
		{
			"from": [ 2.5, 7.5, -2 ],
			"to": [ 13.5, 19.5, 10 ],
			"faces": {
				"down": { "uv": [ 0, 0, 16, 16 ], "texture": "#Trex", "rotation": 90 },
				"up": { "uv": [ 0, 0, 16, 16 ], "texture": "#Trex", "rotation": 270 },
				"north": { "uv": [ 0, 0, 16, 16 ], "texture": "#Trex" },
				"south": { "uv": [ 0, 0, 16, 16 ], "texture": "#Trex" },
				"west": { "uv": [ 0, 0, 16, 16 ], "texture": "#Trex" },
				"east": { "uv": [ 0, 0, 16, 16 ], "texture": "#Trex" }
			}
		},
		{
			"from": [ 4, 8.5, -13.5 ],
			"to": [ 12, 18, -2 ],
			"faces": {
				"down": { "uv": [ 0, 0, 16, 16 ], "texture": "#coal_block", "rotation": 90 },
				"up": { "uv": [ 0, 0, 16, 16 ], "texture": "#Trex", "rotation": 270 },
				"north": { "uv": [ 0, 0, 16, 16 ], "texture": "#Trex" },
				"west": { "uv": [ 0, 0, 16, 16 ], "texture": "#Trex" },
				"east": { "uv": [ 0, 0, 16, 16 ], "texture": "#Trex" }
			}
		},
		{
			"from": [ 4, 3, -12.5 ],
			"to": [ 12, 4, -1 ],
			"rotation": { "origin": [ 4, 4, -12.5 ], "axis": "x", "angle": -22.5 },
			"faces": {
				"down": { "uv": [ 0, 0, 16, 16 ], "texture": "#Trex", "rotation": 90 },
				"up": { "uv": [ 0, 0, 16, 16 ], "texture": "#coal_block", "rotation": 270 },
				"north": { "uv": [ 0, 0, 16, 16 ], "texture": "#Trex" },
				"south": { "uv": [ 0, 0, 16, 16 ], "texture": "#Trex" },
				"west": { "uv": [ 0, 0, 16, 16 ], "texture": "#Trex" },
				"east": { "uv": [ 0, 0, 16, 16 ], "texture": "#Trex" }
			}
		},
		{
			"from": [ 2, 15, 3.5 ],
			"to": [ 3, 18, 6 ],
			"faces": {
				"up": { "uv": [ 10, 2, 12.5, 3 ], "texture": "#coal_block", "rotation": 270 },
				"north": { "uv": [ 13, 0, 14, 1 ], "texture": "#coal_block" },
				"south": { "uv": [ 2, 0, 3, 1 ], "texture": "#coal_block" },
				"west": { "uv": [ 3.5, 0, 6, 1 ], "texture": "#coal_block" },
				"east": { "uv": [ 10, 0, 12.5, 1 ], "texture": "#coal_block" }
			}
		},
		{
			"from": [ 13, 15, 3.5 ],
			"to": [ 14, 18, 6 ],
			"faces": {
				"up": { "uv": [ 10, 13, 12.5, 14 ], "texture": "#coal_block", "rotation": 270 },
				"north": { "uv": [ 2, 0, 3, 1 ], "texture": "#coal_block" },
				"south": { "uv": [ 13, 0, 14, 1 ], "texture": "#coal_block" },
				"west": { "uv": [ 3.5, 0, 6, 1 ], "texture": "#coal_block" },
				"east": { "uv": [ 10, 0, 12.5, 1 ], "texture": "#coal_block" }
			}
		},
		{
			"from": [ 13, 14, 3.5 ],
			"to": [ 14, 15, 6 ],
			"faces": {
				"down": { "uv": [ 6, 14, 3.5, 13 ], "texture": "#quartz_block_bottom", "rotation": 90 },
				"north": { "uv": [ 2, 1, 3, 2 ], "texture": "#quartz_block_bottom" },
				"south": { "uv": [ 13, 1, 14, 2 ], "texture": "#quartz_block_bottom" },
				"west": { "uv": [ 3.5, 1, 6, 2 ], "texture": "#quartz_block_bottom" },
				"east": { "uv": [ 10, 1, 12.5, 2 ], "texture": "#quartz_block_bottom" }
			}
		},
		{
			"from": [ 2, 14, 3.5 ],
			"to": [ 3, 15, 6 ],
			"faces": {
				"down": { "uv": [ 6, 3, 3.5, 2 ], "texture": "#quartz_block_bottom", "rotation": 90 },
				"north": { "uv": [ 13, 1, 14, 2 ], "texture": "#quartz_block_bottom" },
				"south": { "uv": [ 2, 1, 3, 2 ], "texture": "#quartz_block_bottom" },
				"west": { "uv": [ 3.5, 1, 6, 2 ], "texture": "#quartz_block_bottom" },
				"east": { "uv": [ 10, 1, 12.5, 2 ], "texture": "#quartz_block_bottom" }
			}
		},
		{
			"from": [ 2, 1.5, 10.5 ],
			"to": [ 3.5, 3, 17 ],
			"rotation": { "origin": [ 2, 3, 10.5 ], "axis": "x", "angle": -22.5 },
			"faces": {
				"down": { "uv": [ 16, 3.5, 14.5, 2.5 ], "texture": "#Trex", "rotation": 90 },
				"up": { "uv": [ 0, 2.5, 1.5, 3.5 ], "texture": "#Trex", "rotation": 270 },
				"north": { "uv": [ 12.5, 11, 13.5, 12 ], "texture": "#Trex" },
				"south": { "uv": [ 2.5, 11, 3.5, 12 ], "texture": "#Trex" },
				"west": { "uv": [ 14.5, 11, 16, 12 ], "texture": "#Trex" },
				"east": { "uv": [ 0, 11, 1.5, 12 ], "texture": "#Trex" }
			}
		},
		{
			"from": [ 12.5, 1.5, 10.5 ],
			"to": [ 14, 3, 17 ],
			"rotation": { "origin": [ 12.5, 3, 10.5 ], "axis": "x", "angle": -22.5 },
			"faces": {
				"down": { "uv": [ 16, 3.5, 14.5, 2.5 ], "texture": "#Trex", "rotation": 90 },
				"up": { "uv": [ 0, 2.5, 1.5, 3.5 ], "texture": "#Trex", "rotation": 270 },
				"north": { "uv": [ 12.5, 11, 13.5, 12 ], "texture": "#Trex" },
				"south": { "uv": [ 2.5, 11, 3.5, 12 ], "texture": "#Trex" },
				"west": { "uv": [ 14.5, 11, 16, 12 ], "texture": "#Trex" },
				"east": { "uv": [ 0, 11, 1.5, 12 ], "texture": "#Trex" }
			}
		},
		{
			"from": [ 2, 2, 10 ],
			"to": [ 3.5, 3, 11.5 ],
			"faces": {
				"down": { "uv": [ 11.5, 3.5, 10, 2 ], "texture": "#quartz_block_bottom", "rotation": 90 },
				"up": { "uv": [ 4.5, 2, 6, 3.5 ], "texture": "#quartz_block_bottom", "rotation": 270 },
				"north": { "uv": [ 12.5, 13, 14, 14 ], "texture": "#quartz_block_bottom" },
				"south": { "uv": [ 2, 13, 3.5, 14 ], "texture": "#quartz_block_bottom" },
				"west": { "uv": [ 10, 13, 11.5, 14 ], "texture": "#quartz_block_bottom" },
				"east": { "uv": [ 4.5, 13, 6, 14 ], "texture": "#quartz_block_bottom" }
			}
		},
		{
			"from": [ 12.5, 2, 10 ],
			"to": [ 14, 3, 11.5 ],
			"faces": {
				"down": { "uv": [ 11.5, 14, 10, 12.5 ], "texture": "#quartz_block_bottom", "rotation": 90 },
				"up": { "uv": [ 4.5, 12.5, 6, 14 ], "texture": "#quartz_block_bottom", "rotation": 270 },
				"north": { "uv": [ 2, 13, 3.5, 14 ], "texture": "#quartz_block_bottom" },
				"south": { "uv": [ 12.5, 13, 14, 14 ], "texture": "#quartz_block_bottom" },
				"west": { "uv": [ 10, 13, 11.5, 14 ], "texture": "#quartz_block_bottom" },
				"east": { "uv": [ 4.5, 13, 6, 14 ], "texture": "#quartz_block_bottom" }
			}
		},
		{
			"from": [ 10.5, 7, -4.5 ],
			"to": [ 11.5, 8, -3.5 ],
			"rotation": { "origin": [ 10.5, 8, -4.5 ], "axis": "x", "angle": 22.5 },
			"faces": {
				"down": { "uv": [ 0.5, 8.5, 0, 8 ], "texture": "#bed_head_end" },
				"up": { "uv": [ 0.5, 8, 0, 8.5 ], "texture": "#bed_head_end" },
				"north": { "uv": [ 0, 8, 0.5, 8.5 ], "texture": "#bed_head_end" },
				"south": { "uv": [ 0.5, 8, 0, 8.5 ], "texture": "#bed_head_end" },
				"west": { "uv": [ 0.5, 8, 1, 8.5 ], "texture": "#bed_head_end" },
				"east": { "uv": [ 0, 8, 15.5, 8.5 ], "texture": "#bed_head_end" }
			}
		},
		{
			"from": [ 10.5, 6, -6.5 ],
			"to": [ 11.5, 7, -5.5 ],
			"rotation": { "origin": [ 10.5, 7, -6.5 ], "axis": "x", "angle": 22.5 },
			"faces": {
				"down": { "uv": [ 0, 11.5, 0, 10.5 ], "texture": "#bed_head_end", "rotation": 90 },
				"up": { "uv": [ 16, 10.5, 16, 11.5 ], "texture": "#bed_head_end", "rotation": 270 },
				"north": { "uv": [ 4.5, 8.5, 5.5, 9.5 ], "texture": "#bed_head_end" },
				"south": { "uv": [ 10.5, 8.5, 11.5, 9.5 ], "texture": "#bed_head_end" },
				"west": { "uv": [ 0, 8.5, 0, 9.5 ], "texture": "#bed_head_end" },
				"east": { "uv": [ 16, 8.5, 16, 9.5 ], "texture": "#bed_head_end" }
			}
		},
		{
			"from": [ 10.5, 5.5, -8.5548 ],
			"to": [ 11.5, 6.5, -7.5548 ],
			"rotation": { "origin": [ 10.5, 6.5, -8.55482 ], "axis": "x", "angle": 22.5 },
			"faces": {
				"down": { "uv": [ 0, 11.5, 0, 10.5 ], "texture": "#bed_head_end", "rotation": 90 },
				"up": { "uv": [ 16, 10.5, 16, 11.5 ], "texture": "#bed_head_end", "rotation": 270 },
				"north": { "uv": [ 4.5, 8.5, 5.5, 9.5 ], "texture": "#bed_head_end" },
				"south": { "uv": [ 10.5, 8.5, 11.5, 9.5 ], "texture": "#bed_head_end" },
				"west": { "uv": [ 0, 8.5, 0, 9.5 ], "texture": "#bed_head_end" },
				"east": { "uv": [ 16, 8.5, 16, 9.5 ], "texture": "#bed_head_end" }
			}
		},
		{
			"from": [ 10.5, 4.5, -10.5 ],
			"to": [ 11.5, 5.5, -9.5 ],
			"rotation": { "origin": [ 10.5, 5.5, -10.5 ], "axis": "x", "angle": 22.5 },
			"faces": {
				"down": { "uv": [ 0, 11.5, 0, 10.5 ], "texture": "#bed_head_end", "rotation": 90 },
				"up": { "uv": [ 16, 10.5, 16, 11.5 ], "texture": "#bed_head_end", "rotation": 270 },
				"north": { "uv": [ 4.5, 8.5, 5.5, 9.5 ], "texture": "#bed_head_end" },
				"south": { "uv": [ 10.5, 8.5, 11.5, 9.5 ], "texture": "#bed_head_end" },
				"west": { "uv": [ 0, 8.5, 0, 9.5 ], "texture": "#bed_head_end" },
				"east": { "uv": [ 16, 8.5, 16, 9.5 ], "texture": "#bed_head_end" }
			}
		},
		{
			"from": [ 10.5, 4, -12 ],
			"to": [ 11.5, 5, -11 ],
			"rotation": { "origin": [ 10.5, 5, -12 ], "axis": "x", "angle": 22.5 },
			"faces": {
				"up": { "uv": [ 16, 10.5, 16, 11.5 ], "texture": "#bed_head_end", "rotation": 270 },
				"north": { "uv": [ 4.5, 8.5, 5.5, 9.5 ], "texture": "#bed_head_end" },
				"south": { "uv": [ 10.5, 8.5, 11.5, 9.5 ], "texture": "#bed_head_end" },
				"west": { "uv": [ 0, 8.5, 0, 9.5 ], "texture": "#bed_head_end" },
				"east": { "uv": [ 16, 8.5, 16, 9.5 ], "texture": "#bed_head_end" }
			}
		},
		{
			"from": [ 8.5, 4, -12.0548 ],
			"to": [ 9.5, 5, -11.0548 ],
			"rotation": { "origin": [ 8.5, 5, -12.0548 ], "axis": "x", "angle": 22.5 },
			"faces": {
				"up": { "uv": [ 16, 10.5, 16, 11.5 ], "texture": "#bed_head_end", "rotation": 270 },
				"north": { "uv": [ 4.5, 8.5, 5.5, 9.5 ], "texture": "#bed_head_end" },
				"south": { "uv": [ 10.5, 8.5, 11.5, 9.5 ], "texture": "#bed_head_end" },
				"west": { "uv": [ 0, 8.5, 0, 9.5 ], "texture": "#bed_head_end" },
				"east": { "uv": [ 16, 8.5, 16, 9.5 ], "texture": "#bed_head_end" }
			}
		},
		{
			"from": [ 6.5, 4, -12.0548 ],
			"to": [ 7.5, 5, -11.0548 ],
			"rotation": { "origin": [ 6.5, 5, -12.0548 ], "axis": "x", "angle": 22.5 },
			"faces": {
				"up": { "uv": [ 16, 10.5, 16, 11.5 ], "texture": "#bed_head_end", "rotation": 270 },
				"north": { "uv": [ 4.5, 8.5, 5.5, 9.5 ], "texture": "#bed_head_end" },
				"south": { "uv": [ 10.5, 8.5, 11.5, 9.5 ], "texture": "#bed_head_end" },
				"west": { "uv": [ 0, 8.5, 0, 9.5 ], "texture": "#bed_head_end" },
				"east": { "uv": [ 16, 8.5, 16, 9.5 ], "texture": "#bed_head_end" }
			}
		},
		{
			"from": [ 4.5, 4, -12.0548 ],
			"to": [ 5.5, 5, -11.0548 ],
			"rotation": { "origin": [ 4.5, 5, -12.0548 ], "axis": "x", "angle": 22.5 },
			"faces": {
				"up": { "uv": [ 16, 10.5, 16, 11.5 ], "texture": "#bed_head_end", "rotation": 270 },
				"north": { "uv": [ 4.5, 8.5, 5.5, 9.5 ], "texture": "#bed_head_end" },
				"south": { "uv": [ 10.5, 8.5, 11.5, 9.5 ], "texture": "#bed_head_end" },
				"west": { "uv": [ 0, 8.5, 0, 9.5 ], "texture": "#bed_head_end" },
				"east": { "uv": [ 16, 8.5, 16, 9.5 ], "texture": "#bed_head_end" }
			}
		},
		{
			"from": [ 4.5, 4.5, -10.5 ],
			"to": [ 5.5, 5.5, -9.5 ],
			"rotation": { "origin": [ 4.5, 5.5, -10.5 ], "axis": "x", "angle": 22.5 },
			"faces": {
				"down": { "uv": [ 0, 11.5, 0, 10.5 ], "texture": "#bed_head_end", "rotation": 90 },
				"up": { "uv": [ 16, 10.5, 16, 11.5 ], "texture": "#bed_head_end", "rotation": 270 },
				"north": { "uv": [ 4.5, 8.5, 5.5, 9.5 ], "texture": "#bed_head_end" },
				"south": { "uv": [ 10.5, 8.5, 11.5, 9.5 ], "texture": "#bed_head_end" },
				"west": { "uv": [ 0, 8.5, 0, 9.5 ], "texture": "#bed_head_end" },
				"east": { "uv": [ 16, 8.5, 16, 9.5 ], "texture": "#bed_head_end" }
			}
		},
		{
			"from": [ 4.5, 5.5, -8.5548 ],
			"to": [ 5.5, 6.5, -7.5548 ],
			"rotation": { "origin": [ 4.5, 6.5, -8.55482 ], "axis": "x", "angle": 22.5 },
			"faces": {
				"down": { "uv": [ 0, 11.5, 0, 10.5 ], "texture": "#bed_head_end", "rotation": 90 },
				"up": { "uv": [ 16, 10.5, 16, 11.5 ], "texture": "#bed_head_end", "rotation": 270 },
				"north": { "uv": [ 4.5, 8.5, 5.5, 9.5 ], "texture": "#bed_head_end" },
				"south": { "uv": [ 10.5, 8.5, 11.5, 9.5 ], "texture": "#bed_head_end" },
				"west": { "uv": [ 0, 8.5, 0, 9.5 ], "texture": "#bed_head_end" },
				"east": { "uv": [ 16, 8.5, 16, 9.5 ], "texture": "#bed_head_end" }
			}
		},
		{
			"from": [ 4.5, 6, -6.5 ],
			"to": [ 5.5, 7, -5.5 ],
			"rotation": { "origin": [ 4.5, 7, -6.5 ], "axis": "x", "angle": 22.5 },
			"faces": {
				"down": { "uv": [ 0, 11.5, 0, 10.5 ], "texture": "#bed_head_end", "rotation": 90 },
				"up": { "uv": [ 16, 10.5, 16, 11.5 ], "texture": "#bed_head_end", "rotation": 270 },
				"north": { "uv": [ 4.5, 8.5, 5.5, 9.5 ], "texture": "#bed_head_end" },
				"south": { "uv": [ 10.5, 8.5, 11.5, 9.5 ], "texture": "#bed_head_end" },
				"west": { "uv": [ 0, 8.5, 0, 9.5 ], "texture": "#bed_head_end" },
				"east": { "uv": [ 16, 8.5, 16, 9.5 ], "texture": "#bed_head_end" }
			}
		},
		{
			"from": [ 4.5, 7, -4.5548 ],
			"to": [ 5.5, 8, -3.5548 ],
			"rotation": { "origin": [ 4.5, 8, -4.55482 ], "axis": "x", "angle": 22.5 },
			"faces": {
				"down": { "uv": [ 0, 11.5, 0, 10.5 ], "texture": "#bed_head_end", "rotation": 90 },
				"up": { "uv": [ 16, 10.5, 16, 11.5 ], "texture": "#bed_head_end", "rotation": 270 },
				"north": { "uv": [ 4.5, 8.5, 5.5, 9.5 ], "texture": "#bed_head_end" },
				"south": { "uv": [ 10.5, 8.5, 11.5, 9.5 ], "texture": "#bed_head_end" },
				"west": { "uv": [ 0, 8.5, 0, 9.5 ], "texture": "#bed_head_end" },
				"east": { "uv": [ 16, 8.5, 16, 9.5 ], "texture": "#bed_head_end" }
			}
		}
	],
	"display": {
		"head": {
			"translation":  [ 0.94, 6.8, -24 ],
			"scale":  [ 4, 4, 4 ]
		},
		"fixed": {
			"translation":  [ 0, -1.7, -24 ]
		}
	}
}