{
"__comment": "Designed by _MajorisBR_",
"textures": {
    "coal_block": "blocks/coal_block",
    "quartz_block_bottom": "blocks/quartz_block_bottom",
    "skinvelo": "blocks/skinvelo"
},
"elements": [ 
{
    "from": [ 4, 0, 4 ],
    "to": [ 5, 1, 6.5 ],
    "faces": {
        "down":  { "uv": [ 12, 6.5, 11, 4 ], "texture": "#skinvelo" },
        "up":    { "uv": [ 4, 4, 5, 6.5 ], "texture": "#skinvelo" },
        "south": { "uv": [ 4, 15, 5, 16 ], "texture": "#skinvelo" },
        "west":  { "uv": [ 4, 15, 6.5, 16 ], "texture": "#skinvelo" },
        "east":  { "uv": [ 9.5, 15, 12, 16 ], "texture": "#skinvelo" }
    }
},
{
    "from": [ 4, -0.5, 2.5 ],
    "to": [ 5, 4, 4 ],
    "rotation": { "origin": [ 4, 4, 2.5 ], "axis": "x", "angle": -22.5 },
    "faces": {
        "down":  { "uv": [ 13, 4, 12, 2.5 ], "texture": "#skinvelo" },
        "up":    { "uv": [ 3, 2.5, 4, 4 ], "texture": "#skinvelo" },
        "north": { "uv": [ 12, 11.5, 13, 16 ], "texture": "#skinvelo" },
        "south": { "uv": [ 3, 11.5, 4, 16 ], "texture": "#skinvelo" },
        "west":  { "uv": [ 2.5, 11.5, 4, 16 ], "texture": "#skinvelo" },
        "east":  { "uv": [ 12, 11.5, 13.5, 16 ], "texture": "#skinvelo" }
    }
},
{
    "from": [ 4, 3.5, 3.5 ],
    "to": [ 5, 7.5, 6.5 ],
    "rotation": { "origin": [ 4, 7.5, 3.5 ], "axis": "x", "angle": 22.5 },
    "faces": {
        "down":  { "uv": [ 4, 3.5, 5, 6.5 ], "texture": "#skinvelo" },
        "up":    { "uv": [ 4, 3.5, 5, 6.5 ], "texture": "#skinvelo" },
        "north": { "uv": [ 4, 8.5, 5, 12.5 ], "texture": "#skinvelo" },
        "south": { "uv": [ 4, 8.5, 5, 12.5 ], "texture": "#skinvelo" },
        "west":  { "uv": [ 3.5, 8.5, 6.5, 12.5 ], "texture": "#skinvelo" }
    }
},
{
    "from": [ 5, 3, 1 ],
    "to": [ 11, 7.5, 9 ],
    "rotation": { "origin": [ 5, 7.5, 1 ], "axis": "x", "angle": -22.5 },
    "faces": {
        "down":  { "uv": [ 5, 1, 11, 9 ], "texture": "#skinvelo" },
        "up":    { "uv": [ 5, 1, 11, 9 ], "texture": "#skinvelo" },
        "north": { "uv": [ 5, 8.5, 11, 13 ], "texture": "#skinvelo" },
        "south": { "uv": [ 5, 8.5, 11, 13 ], "texture": "#skinvelo" },
        "west":  { "uv": [ 1, 8.5, 9, 13 ], "texture": "#skinvelo" },
        "east":  { "uv": [ 1, 8.5, 9, 13 ], "texture": "#skinvelo" }
    }
},
{
    "from": [ 11, 3.5, 3.5 ],
    "to": [ 12, 7.5, 6.5 ],
    "rotation": { "origin": [ 11, 7.5, 3.5 ], "axis": "x", "angle": 22.5 },
    "faces": {
        "down":  { "uv": [ 11, 3.5, 12, 6.5 ], "texture": "#skinvelo" },
        "up":    { "uv": [ 11, 3.5, 12, 6.5 ], "texture": "#skinvelo" },
        "north": { "uv": [ 11, 8.5, 12, 12.5 ], "texture": "#skinvelo" },
        "south": { "uv": [ 11, 8.5, 12, 12.5 ], "texture": "#skinvelo" },
        "east":  { "uv": [ 3.5, 8.5, 6.5, 12.5 ], "texture": "#skinvelo" }
    }
},
{
    "from": [ 11, 0, 4 ],
    "to": [ 12, 1, 6.5 ],
    "faces": {
        "down":  { "uv": [ 5, 6.5, 4, 4 ], "texture": "#skinvelo" },
        "up":    { "uv": [ 11, 4, 12, 6.5 ], "texture": "#skinvelo" },
        "south": { "uv": [ 11, 15, 12, 16 ], "texture": "#skinvelo" },
        "west":  { "uv": [ 4, 15, 6.5, 16 ], "texture": "#skinvelo" },
        "east":  { "uv": [ 9.5, 15, 12, 16 ], "texture": "#skinvelo" }
    }
},
{
    "from": [ 11, 0, 2.5 ],
    "to": [ 12, 4.5, 4 ],
    "rotation": { "origin": [ 11, 4.5, 2.5 ], "axis": "x", "angle": -22.5 },
    "faces": {
        "down":  { "uv": [ 13, 4, 12, 2.5 ], "texture": "#skinvelo" },
        "up":    { "uv": [ 3, 2.5, 4, 4 ], "texture": "#skinvelo" },
        "north": { "uv": [ 12, 11.5, 13, 16 ], "texture": "#skinvelo" },
        "south": { "uv": [ 3, 11.5, 4, 16 ], "texture": "#skinvelo" },
        "west":  { "uv": [ 2.5, 11.5, 4, 16 ], "texture": "#skinvelo" },
        "east":  { "uv": [ 12, 11.5, 13.5, 16 ], "texture": "#skinvelo" }
    }
},
{
    "from": [ 5, 6, 8 ],
    "to": [ 11, 10.5, 11.5 ],
    "faces": {
        "down":  { "uv": [ 5, 8, 11, 11.5 ], "texture": "#skinvelo" },
        "up":    { "uv": [ 5, 8, 11, 11.5 ], "texture": "#skinvelo" },
        "north": { "uv": [ 5, 5.5, 11, 10 ], "texture": "#skinvelo" },
        "south": { "uv": [ 5, 5.5, 11, 10 ], "texture": "#skinvelo" },
        "west":  { "uv": [ 8, 5.5, 11.5, 10 ], "texture": "#skinvelo" },
        "east":  { "uv": [ 8, 5.5, 11.5, 10 ], "texture": "#skinvelo" }
    }
},
{
    "from": [ 6.5, 6, -1 ],
    "to": [ 9.5, 9.5, 4 ],
    "rotation": { "origin": [ 6.5, 9.5, -1 ], "axis": "x", "angle": 22.5 },
    "faces": {
        "down":  { "uv": [ 9.5, 2.5, 6.5, 0 ], "texture": "#skinvelo" },
        "up":    { "uv": [ 6.5, 0, 9.5, 2.5 ], "texture": "#skinvelo" },
        "north": { "uv": [ 6.5, 8, 9.5, 11.5 ], "texture": "#skinvelo" },
        "south": { "uv": [ 6.5, 8, 9.5, 11.5 ], "texture": "#skinvelo" },
        "west":  { "uv": [ 0, 8, 2.5, 11.5 ], "texture": "#skinvelo" },
        "east":  { "uv": [ 13.5, 8, 16, 11.5 ], "texture": "#skinvelo" }
    }
},
{
    "from": [ 8, 6.5, -4.5 ],
    "to": [ 10, 9, -1 ],
    "rotation": { "origin": [ 8, 6.5, -4.5 ], "axis": "y", "angle": -22.5 },
    "faces": {
        "down":  { "uv": [ 8, -4.5, 10, -1 ], "texture": "#skinvelo" },
        "up":    { "uv": [ 8, 0, 10, 3.5 ], "texture": "#skinvelo" },
        "north": { "uv": [ 8, 7, 10, 9.5 ], "texture": "#skinvelo" },
        "south": { "uv": [ 8, 7, 10, 9.5 ], "texture": "#skinvelo" },
        "west":  { "uv": [ 0, 7, 3.5, 9.5 ], "texture": "#skinvelo" },
        "east":  { "uv": [ 0, 7, 3.5, 9.5 ], "texture": "#skinvelo" }
    }
},
{
    "from": [ 6.5, 7, -7 ],
    "to": [ 8, 8.5, -3 ],
    "rotation": { "origin": [ 6.5, 7, -7 ], "axis": "y", "angle": 22.5 },
    "faces": {
        "down":  { "uv": [ 6.5, -7, 8, -3 ], "texture": "#skinvelo" },
        "up":    { "uv": [ 6.5, 0, 8, 4 ], "texture": "#skinvelo" },
        "north": { "uv": [ 6.5, 7.5, 8, 9 ], "texture": "#skinvelo" },
        "south": { "uv": [ 6.5, 7.5, 8, 9 ], "texture": "#skinvelo" },
        "west":  { "uv": [ 0, 7.5, 4, 9 ], "texture": "#skinvelo" },
        "east":  { "uv": [ 0, 7.5, 4, 9 ], "texture": "#skinvelo" }
    }
},
{
    "from": [ 6.5, 7.5, 10.5 ],
    "to": [ 9.5, 12.5, 13.5 ],
    "rotation": { "origin": [ 6.5, 12.5, 10.5 ], "axis": "x", "angle": 22.5 },
    "faces": {
        "down":  { "uv": [ 6.5, 10.5, 9.5, 13.5 ], "texture": "#skinvelo" },
        "up":    { "uv": [ 6.5, 10.5, 9.5, 13.5 ], "texture": "#skinvelo" },
        "north": { "uv": [ 6.5, 3.5, 9.5, 8.5 ], "texture": "#skinvelo" },
        "south": { "uv": [ 6.5, 3.5, 9.5, 8.5 ], "texture": "#skinvelo" },
        "west":  { "uv": [ 10.5, 3.5, 13.5, 8.5 ], "texture": "#skinvelo" },
        "east":  { "uv": [ 10.5, 3.5, 13.5, 8.5 ], "texture": "#skinvelo" }
    }
},
{
    "from": [ 6.5, 12, 12 ],
    "to": [ 9.5, 15.5, 14.5 ],
    "rotation": { "origin": [ 6.5, 15.5, 12 ], "axis": "x", "angle": 22.5 },
    "faces": {
        "down":  { "uv": [ 6.5, 12, 9.5, 14.5 ], "texture": "#skinvelo" },
        "up":    { "uv": [ 6.5, 12, 9.5, 14.5 ], "texture": "#skinvelo" },
        "north": { "uv": [ 6.5, 0.5, 9.5, 4 ], "texture": "#skinvelo" },
        "south": { "uv": [ 6.5, 0.5, 9.5, 4 ], "texture": "#skinvelo" },
        "west":  { "uv": [ 12, 0.5, 14.5, 4 ], "texture": "#skinvelo" },
        "east":  { "uv": [ 12, 0.5, 14.5, 4 ], "texture": "#skinvelo" }
    }
},
{
    "from": [ 6.5, 13, 13.5 ],
    "to": [ 9.5, 14, 18 ],
    "rotation": { "origin": [ 6.5, 14, 13.5 ], "axis": "x", "angle": 22.5 },
    "faces": {
        "down":  { "uv": [ 9.5, 16, 6.5, 13.5 ], "texture": "#skinvelo" },
        "up":    { "uv": [ 6.5, 13.5, 9.5, 16 ], "texture": "#coal_block" },
        "north": { "uv": [ 6.5, 4.5, 9.5, 6.5 ], "texture": "#skinvelo" },
        "south": { "uv": [ 6.5, 4.5, 9.5, 6.5 ], "texture": "#skinvelo" },
        "west":  { "uv": [ 13.5, 4.5, 16, 6.5 ], "texture": "#skinvelo" },
        "east":  { "uv": [ 0, 4.5, 2.5, 6.5 ], "texture": "#skinvelo" }
    }
},
{
    "from": [ 6, 13.5, 12 ],
    "to": [ 10, 16.5, 15 ],
    "faces": {
        "down":  { "uv": [ 10, 15, 6, 12 ], "texture": "#skinvelo" },
        "up":    { "uv": [ 6, 12, 10, 15 ], "texture": "#skinvelo" },
        "north": { "uv": [ 6, 0, 10, 2.5 ], "texture": "#skinvelo" },
        "south": { "uv": [ 6, 0, 10, 2.5 ], "texture": "#skinvelo" },
        "west":  { "uv": [ 12, 0, 15, 2.5 ], "texture": "#skinvelo" },
        "east":  { "uv": [ 1, 0, 4, 2.5 ], "texture": "#skinvelo" }
    }
},
{
    "from": [ 6.5, 13.5, 15 ],
    "to": [ 9.5, 16, 18 ],
    "faces": {
        "down":  { "uv": [ 9.5, 16, 6.5, 15 ], "texture": "#coal_block" },
        "up":    { "uv": [ 6.5, 15, 9.5, 16 ], "texture": "#skinvelo" },
        "south": { "uv": [ 6.5, 0, 9.5, 2.5 ], "texture": "#skinvelo" },
        "west":  { "uv": [ 15, 0, 16, 2.5 ], "texture": "#skinvelo" },
        "east":  { "uv": [ 0, 0, 1, 2.5 ], "texture": "#skinvelo" }
    }
},
{
    "from": [ 4, 6, 8.5 ],
    "to": [ 5, 8, 10.5 ],
    "faces": {
        "down":  { "uv": [ 12, 10.5, 11, 8.5 ], "texture": "#skinvelo" },
        "up":    { "uv": [ 4, 8.5, 5, 10.5 ], "texture": "#skinvelo" },
        "north": { "uv": [ 11, 8, 12, 10 ], "texture": "#skinvelo" },
        "south": { "uv": [ 4, 8, 5, 10 ], "texture": "#skinvelo" },
        "west":  { "uv": [ 8.5, 8, 10.5, 10 ], "texture": "#skinvelo" }
    }
},
{
    "from": [ 4, 6, 9.5 ],
    "to": [ 5, 7, 13 ],
    "rotation": { "origin": [ 4, 7, 9.5 ], "axis": "x", "angle": 45 },
    "faces": {
        "down":  { "uv": [ 4, 9.5, 5, 13 ], "texture": "#skinvelo" },
        "up":    { "uv": [ 4, 9.5, 5, 13 ], "texture": "#skinvelo" },
        "north": { "uv": [ 4, 9, 5, 10 ], "texture": "#skinvelo" },
        "south": { "uv": [ 4, 9, 5, 10 ], "texture": "#skinvelo" },
        "west":  { "uv": [ 9.5, 9, 13, 10 ], "texture": "#skinvelo" },
        "east":  { "uv": [ 9.5, 9, 13, 10 ], "texture": "#skinvelo" }
    }
},
{
    "from": [ 4, 3, 11 ],
    "to": [ 5, 4.5, 12 ],
    "rotation": { "origin": [ 4, 4.5, 11 ], "axis": "x", "angle": 22.5 },
    "faces": {
        "down":  { "uv": [ 4, 11, 5, 12 ], "texture": "#skinvelo" },
        "up":    { "uv": [ 4, 11, 5, 12 ], "texture": "#skinvelo" },
        "north": { "uv": [ 4, 11.5, 5, 13 ], "texture": "#skinvelo" },
        "south": { "uv": [ 4, 11.5, 5, 13 ], "texture": "#skinvelo" },
        "west":  { "uv": [ 11, 11.5, 12, 13 ], "texture": "#skinvelo" },
        "east":  { "uv": [ 11, 11.5, 12, 13 ], "texture": "#skinvelo" }
    }
},
{
    "from": [ 11, 6, 8.5 ],
    "to": [ 12, 8, 10.5 ],
    "faces": {
        "down":  { "uv": [ 5, 10.5, 4, 8.5 ], "texture": "#skinvelo" },
        "up":    { "uv": [ 11, 8.5, 12, 10.5 ], "texture": "#skinvelo" },
        "north": { "uv": [ 4, 8, 5, 10 ], "texture": "#skinvelo" },
        "south": { "uv": [ 11, 8, 12, 10 ], "texture": "#skinvelo" },
        "east":  { "uv": [ 5.5, 8, 7.5, 10 ], "texture": "#skinvelo" }
    }
},
{
    "from": [ 11, 6, 9.5 ],
    "to": [ 12, 7, 13 ],
    "rotation": { "origin": [ 11, 7, 9.5 ], "axis": "x", "angle": 45 },
    "faces": {
        "down":  { "uv": [ 11, 9.5, 12, 13 ], "texture": "#skinvelo" },
        "up":    { "uv": [ 11, 9.5, 12, 13 ], "texture": "#skinvelo" },
        "north": { "uv": [ 11, 9, 12, 10 ], "texture": "#skinvelo" },
        "south": { "uv": [ 11, 9, 12, 10 ], "texture": "#skinvelo" },
        "west":  { "uv": [ 9.5, 9, 13, 10 ], "texture": "#skinvelo" },
        "east":  { "uv": [ 9.5, 9, 13, 10 ], "texture": "#skinvelo" }
    }
},
{
    "from": [ 11, 3, 11 ],
    "to": [ 12, 4.5, 12 ],
    "rotation": { "origin": [ 11, 4.5, 11 ], "axis": "x", "angle": 22.5 },
    "faces": {
        "down":  { "uv": [ 11, 11, 12, 12 ], "texture": "#skinvelo" },
        "up":    { "uv": [ 11, 11, 12, 12 ], "texture": "#skinvelo" },
        "north": { "uv": [ 11, 11.5, 12, 13 ], "texture": "#skinvelo" },
        "south": { "uv": [ 11, 11.5, 12, 13 ], "texture": "#skinvelo" },
        "west":  { "uv": [ 11, 11.5, 12, 13 ], "texture": "#skinvelo" },
        "east":  { "uv": [ 11, 11.5, 12, 13 ], "texture": "#skinvelo" }
    }
},
{
    "from": [ 5.5, 15, 14 ],
    "to": [ 6.5, 16, 14.5 ],
    "faces": {
        "down":  { "uv": [ 10.5, 14.5, 9.5, 14 ], "texture": "#coal_block" },
        "up":    { "uv": [ 5.5, 14, 6.5, 14.5 ], "texture": "#coal_block" },
        "south": { "uv": [ 5.5, 0, 6.5, 1 ], "texture": "#coal_block" },
        "west":  { "uv": [ 14, 0, 14.5, 1 ], "texture": "#coal_block" },
        "east":  { "uv": [ 1.5, 0, 2, 1 ], "texture": "#coal_block" }
    }
},
{
    "from": [ 5.5, 15, 13.5 ],
    "to": [ 6.5, 16, 14 ],
    "faces": {
        "down":  { "uv": [ 10.5, 14, 9.5, 13.5 ], "texture": "#quartz_block_bottom" },
        "up":    { "uv": [ 5.5, 13.5, 6.5, 14 ], "texture": "#quartz_block_bottom" },
        "north": { "uv": [ 9.5, 0, 10.5, 1 ], "texture": "#quartz_block_bottom" },
        "west":  { "uv": [ 13.5, 0, 14, 1 ], "texture": "#quartz_block_bottom" },
        "east":  { "uv": [ 2, 0, 2.5, 1 ], "texture": "#quartz_block_bottom" }
    }
},
{
    "from": [ 9.5, 15, 14 ],
    "to": [ 10.5, 16, 14.5 ],
    "faces": {
        "down":  { "uv": [ 6.5, 14.5, 5.5, 14 ], "texture": "#coal_block" },
        "up":    { "uv": [ 9.5, 14, 10.5, 14.5 ], "texture": "#coal_block" },
        "south": { "uv": [ 9.5, 0, 10.5, 1 ], "texture": "#coal_block" },
        "west":  { "uv": [ 14, 0, 14.5, 1 ], "texture": "#coal_block" },
        "east":  { "uv": [ 1.5, 0, 2, 1 ], "texture": "#coal_block" }
    }
},
{
    "from": [ 9.5, 15, 13.5 ],
    "to": [ 10.5, 16, 14 ],
    "faces": {
        "down":  { "uv": [ 6.5, 14, 5.5, 13.5 ], "texture": "#quartz_block_bottom" },
        "up":    { "uv": [ 9.5, 13.5, 10.5, 14 ], "texture": "#quartz_block_bottom" },
        "north": { "uv": [ 5.5, 0, 6.5, 1 ], "texture": "#quartz_block_bottom" },
        "west":  { "uv": [ 13.5, 0, 14, 1 ], "texture": "#quartz_block_bottom" },
        "east":  { "uv": [ 2, 0, 2.5, 1 ], "texture": "#quartz_block_bottom" }
    }
},
{
    "from": [ 4, 2.5, 11 ],
    "to": [ 5, 3, 11.5 ],
    "rotation": { "origin": [ 4, 3, 11 ], "axis": "x", "angle": 22.5 },
    "faces": {
        "down":  { "uv": [ 16, 12, 16, 11 ], "texture": "#quartz_block_bottom" },
        "north": { "uv": [ 16, 13, 16, 14.5 ], "texture": "#quartz_block_bottom" },
        "south": { "uv": [ 0, 13, 0, 14.5 ], "texture": "#quartz_block_bottom" },
        "west":  { "uv": [ 11, 13, 12, 14.5 ], "texture": "#quartz_block_bottom" },
        "east":  { "uv": [ 4, 13, 5, 14.5 ], "texture": "#quartz_block_bottom" }
    }
},
{
    "from": [ 11, 2.5, 11 ],
    "to": [ 12, 3, 11.5 ],
    "rotation": { "origin": [ 11, 3, 11 ], "axis": "x", "angle": 22.5 },
    "faces": {
        "down":  { "uv": [ 16, 12, 16, 11 ], "texture": "#quartz_block_bottom" },
        "north": { "uv": [ 16, 13, 16, 14.5 ], "texture": "#quartz_block_bottom" },
        "south": { "uv": [ 0, 13, 0, 14.5 ], "texture": "#quartz_block_bottom" },
        "west":  { "uv": [ 11, 13, 12, 14.5 ], "texture": "#quartz_block_bottom" },
        "east":  { "uv": [ 4, 13, 5, 14.5 ], "texture": "#quartz_block_bottom" }
    }
},
{
    "from": [ 6.5, 12.5, 17 ],
    "to": [ 7, 13, 17.5 ],
    "rotation": { "origin": [ 6.5, 13, 17 ], "axis": "x", "angle": 22.5 },
    "faces": {
        "down":  { "uv": [ 9.5, 16, 9, 16 ], "texture": "#quartz_block_bottom" },
        "north": { "uv": [ 9, 12.5, 9.5, 13 ], "texture": "#quartz_block_bottom" },
        "south": { "uv": [ 6.5, 12.5, 7, 13 ], "texture": "#quartz_block_bottom" },
        "west":  { "uv": [ 16, 12.5, 16, 13 ], "texture": "#quartz_block_bottom" },
        "east":  { "uv": [ 0, 12.5, 0, 13 ], "texture": "#quartz_block_bottom" }
    }
},
{
    "from": [ 6.5, 13, 15.5 ],
    "to": [ 7, 13.5, 16 ],
    "rotation": { "origin": [ 6.5, 13.5, 15.5 ], "axis": "x", "angle": 22.5 },
    "faces": {
        "down":  { "uv": [ 9.5, 16, 9, 16 ], "texture": "#quartz_block_bottom" },
        "north": { "uv": [ 9, 12.5, 9.5, 13 ], "texture": "#quartz_block_bottom" },
        "south": { "uv": [ 6.5, 12.5, 7, 13 ], "texture": "#quartz_block_bottom" },
        "west":  { "uv": [ 16, 12.5, 16, 13 ], "texture": "#quartz_block_bottom" },
        "east":  { "uv": [ 0, 12.5, 0, 13 ], "texture": "#quartz_block_bottom" }
    }
},
{
    "from": [ 6.5, 13, 16.5 ],
    "to": [ 7, 13.5, 17 ],
    "faces": {
        "down":  { "uv": [ 9.5, 16, 9, 16 ], "texture": "#quartz_block_bottom" },
        "north": { "uv": [ 9, 12.5, 9.5, 13 ], "texture": "#quartz_block_bottom" },
        "south": { "uv": [ 6.5, 12.5, 7, 13 ], "texture": "#quartz_block_bottom" },
        "west":  { "uv": [ 16, 12.5, 16, 13 ], "texture": "#quartz_block_bottom" },
        "east":  { "uv": [ 0, 12.5, 0, 13 ], "texture": "#quartz_block_bottom" }
    }
},
{
    "from": [ 7.5, 12.5, 17 ],
    "to": [ 8, 13, 17.5 ],
    "rotation": { "origin": [ 7.5, 13, 17 ], "axis": "x", "angle": 22.5 },
    "faces": {
        "down":  { "uv": [ 9.5, 16, 9, 16 ], "texture": "#quartz_block_bottom" },
        "north": { "uv": [ 9, 12.5, 9.5, 13 ], "texture": "#quartz_block_bottom" },
        "south": { "uv": [ 6.5, 12.5, 7, 13 ], "texture": "#quartz_block_bottom" },
        "west":  { "uv": [ 16, 12.5, 16, 13 ], "texture": "#quartz_block_bottom" },
        "east":  { "uv": [ 0, 12.5, 0, 13 ], "texture": "#quartz_block_bottom" }
    }
},
{
    "from": [ 8.5, 12.5, 17 ],
    "to": [ 9, 13, 17.5 ],
    "rotation": { "origin": [ 8.5, 13, 17 ], "axis": "x", "angle": 22.5 },
    "faces": {
        "down":  { "uv": [ 9.5, 16, 9, 16 ], "texture": "#quartz_block_bottom" },
        "north": { "uv": [ 9, 12.5, 9.5, 13 ], "texture": "#quartz_block_bottom" },
        "south": { "uv": [ 6.5, 12.5, 7, 13 ], "texture": "#quartz_block_bottom" },
        "west":  { "uv": [ 16, 12.5, 16, 13 ], "texture": "#quartz_block_bottom" },
        "east":  { "uv": [ 0, 12.5, 0, 13 ], "texture": "#quartz_block_bottom" }
    }
},
{
    "from": [ 8, 13, 17 ],
    "to": [ 8.5, 13.5, 17.5 ],
    "faces": {
        "down":  { "uv": [ 9.5, 16, 9, 16 ], "texture": "#quartz_block_bottom" },
        "north": { "uv": [ 9, 12.5, 9.5, 13 ], "texture": "#quartz_block_bottom" },
        "south": { "uv": [ 6.5, 12.5, 7, 13 ], "texture": "#quartz_block_bottom" },
        "west":  { "uv": [ 16, 12.5, 16, 13 ], "texture": "#quartz_block_bottom" },
        "east":  { "uv": [ 0, 12.5, 0, 13 ], "texture": "#quartz_block_bottom" }
    }
},
{
    "from": [ 7, 13, 17 ],
    "to": [ 7.5, 13.5, 17.5 ],
    "faces": {
        "down":  { "uv": [ 9.5, 16, 9, 16 ], "texture": "#quartz_block_bottom" },
        "north": { "uv": [ 9, 12.5, 9.5, 13 ], "texture": "#quartz_block_bottom" },
        "south": { "uv": [ 6.5, 12.5, 7, 13 ], "texture": "#quartz_block_bottom" },
        "west":  { "uv": [ 16, 12.5, 16, 13 ], "texture": "#quartz_block_bottom" },
        "east":  { "uv": [ 0, 12.5, 0, 13 ], "texture": "#quartz_block_bottom" }
    }
},
{
    "from": [ 9, 13, 17 ],
    "to": [ 9.5, 13.5, 17.5 ],
    "faces": {
        "down":  { "uv": [ 9.5, 16, 9, 16 ], "texture": "#quartz_block_bottom" },
        "north": { "uv": [ 9, 12.5, 9.5, 13 ], "texture": "#quartz_block_bottom" },
        "south": { "uv": [ 6.5, 12.5, 7, 13 ], "texture": "#quartz_block_bottom" },
        "west":  { "uv": [ 16, 12.5, 16, 13 ], "texture": "#quartz_block_bottom" },
        "east":  { "uv": [ 0, 12.5, 0, 13 ], "texture": "#quartz_block_bottom" }
    }
},
{
    "from": [ 9, 13, 16 ],
    "to": [ 9.5, 13.5, 16.5 ],
    "faces": {
        "down":  { "uv": [ 9.5, 16, 9, 16 ], "texture": "#quartz_block_bottom" },
        "north": { "uv": [ 9, 12.5, 9.5, 13 ], "texture": "#quartz_block_bottom" },
        "south": { "uv": [ 6.5, 12.5, 7, 13 ], "texture": "#quartz_block_bottom" },
        "west":  { "uv": [ 16, 12.5, 16, 13 ], "texture": "#quartz_block_bottom" },
        "east":  { "uv": [ 0, 12.5, 0, 13 ], "texture": "#quartz_block_bottom" }
    }
},
{
    "from": [ 9, 13, 15.4413 ],
    "to": [ 9.5, 13.5, 15.9413 ],
    "rotation": { "origin": [ 9, 13.5, 15.4413 ], "axis": "x", "angle": 22.5 },
    "faces": {
        "down":  { "uv": [ 9.5, 16, 9, 16 ], "texture": "#quartz_block_bottom" },
        "north": { "uv": [ 9, 12.5, 9.5, 13 ], "texture": "#quartz_block_bottom" },
        "south": { "uv": [ 6.5, 12.5, 7, 13 ], "texture": "#quartz_block_bottom" },
        "west":  { "uv": [ 16, 12.5, 16, 13 ], "texture": "#quartz_block_bottom" },
        "east":  { "uv": [ 0, 12.5, 0, 13 ], "texture": "#quartz_block_bottom" }
    }
}
],
"display": {
    "head": {
        "rotation": [ 0, 180, 0 ],
        "translation": [ 0, -6.95, 0 ],
        "scale": [ 3.75, 3.75, 3.75 ]
    },
    "fixed": {
        "rotation": [ 0, 180, 0 ],
        "translation": [ 0, 0, 0 ],
        "scale": [ 1, 1, 1 ]
    },
    "firstperson_righthand": {
        "rotation": [ 0, 180, 0 ],
        "translation": [ 0, 0, 0 ],
        "scale": [ 1, 1, 1 ]
    },
    "firstperson_lefthand": {
        "rotation": [ 0, 180, 0 ],
        "translation": [ 0, 0, 0 ],
        "scale": [ 1, 1, 1 ]
    }
}
}