{
"__comment": "Designed by Majorisbr with BDcraft Cubik PRO 0.95 Beta - http://bdcraft.net",
"textures": {
    "texture": "blocks/coal_block",
    "anvil_base": "blocks/anvil_base",
    "sandstone_top": "blocks/sandstone_top",
    "kong": "blocks/kong",
    "kong2": "blocks/kong2"
},
"elements": [ 
{
    "from": [ 4, 15.5, -3.5 ],
    "to": [ 12, 19, 0.5 ],
    "faces": {
        "down":  { "uv": [ 14, 11.5, 2, 0 ], "texture": "#anvil_base" },
        "up":    { "uv": [ 2, 0, 14, 11.5 ], "texture": "#anvil_base" },
        "north": { "uv": [ 2, 0, 14, 1.5 ], "texture": "#anvil_base" },
        "west":  { "uv": [ 0, 0, 11.5, 1.5 ], "texture": "#anvil_base" },
        "east":  { "uv": [ 4.5, 0, 16, 1.5 ], "texture": "#anvil_base" }
    }
},
{
    "from": [ 2, 15.5, 0.5 ],
    "to": [ 14, 31.5, 13.5 ],
    "faces": {
        "up":    { "uv": [ 2, 0.5, 14, 13.5 ], "texture": "#texture" },
        "north": { "uv": [ 2, 0, 14, 16 ], "texture": "#kong" },
        "south": { "uv": [ 2, 0, 14, 16 ], "texture": "#texture" },
        "west":  { "uv": [ 0.5, 0, 13.5, 16 ], "texture": "#texture" },
        "east":  { "uv": [ 0.5, 0, 13.5, 16 ], "texture": "#texture" }
    }
},
{
    "from": [ 4, 21, -3.5 ],
    "to": [ 12, 24, 0.5 ],
    "faces": {
        "down":  { "uv": [ 14, 11.5, 2, 0 ], "texture": "#anvil_base" },
        "up":    { "uv": [ 2, 0, 14, 11.5 ], "texture": "#anvil_base" },
        "north": { "uv": [ 2, 0, 14, 1.5 ], "texture": "#anvil_base" },
        "west":  { "uv": [ 0, 0, 11.5, 1.5 ], "texture": "#anvil_base" },
        "east":  { "uv": [ 4.5, 0, 16, 1.5 ], "texture": "#anvil_base" }
    }
},
{
    "from": [ 6, 24, -3 ],
    "to": [ 10, 26, 0.5 ],
    "faces": {
        "up":    { "uv": [ 2, 0, 14, 11.5 ], "texture": "#anvil_base" },
        "north": { "uv": [ 2, 0, 14, 1.5 ], "texture": "#anvil_base" },
        "west":  { "uv": [ 0, 0, 11.5, 1.5 ], "texture": "#anvil_base" },
        "east":  { "uv": [ 4.5, 0, 16, 1.5 ], "texture": "#anvil_base" }
    }
},
{
    "from": [ 4, 20.5, -0.5 ],
    "to": [ 5, 21, 0.5 ],
    "faces": {
        "down":  { "uv": [ 12, 0.5, 11, 0 ], "texture": "#sandstone_top" },
        "north": { "uv": [ 11, 0, 12, 0 ], "texture": "#sandstone_top" },
        "west":  { "uv": [ 0, 0, 0.5, 0 ], "texture": "#sandstone_top" },
        "east":  { "uv": [ 15.5, 0, 16, 0 ], "texture": "#sandstone_top" }
    }
},
{
    "from": [ 4, 19, -1.5 ],
    "to": [ 5, 19.5, -0.5 ],
    "faces": {
        "up":    { "uv": [ 4, 0, 5, 0.5 ], "texture": "#sandstone_top" },
        "north": { "uv": [ 11, 0, 12, 0 ], "texture": "#sandstone_top" },
        "south": { "uv": [ 4, 0, 5, 0 ], "texture": "#sandstone_top" },
        "west":  { "uv": [ 0, 0, 0.5, 0 ], "texture": "#sandstone_top" },
        "east":  { "uv": [ 15.5, 0, 16, 0 ], "texture": "#sandstone_top" }
    }
},
{
    "from": [ 4, 20.5, -2.5 ],
    "to": [ 5, 21, -1.5 ],
    "faces": {
        "down":  { "uv": [ 12, 0.5, 11, 0 ], "texture": "#sandstone_top" },
        "north": { "uv": [ 11, 0, 12, 0 ], "texture": "#sandstone_top" },
        "south": { "uv": [ 4, 0, 5, 0 ], "texture": "#sandstone_top" },
        "west":  { "uv": [ 0, 0, 0.5, 0 ], "texture": "#sandstone_top" },
        "east":  { "uv": [ 15.5, 0, 16, 0 ], "texture": "#sandstone_top" }
    }
},
{
    "from": [ 4, 19, -3.5 ],
    "to": [ 5, 20.5, -2.5 ],
    "faces": {
        "up":    { "uv": [ 4, 0, 5, 0.5 ], "texture": "#sandstone_top" },
        "north": { "uv": [ 11, 0, 12, 0 ], "texture": "#sandstone_top" },
        "south": { "uv": [ 4, 0, 5, 0 ], "texture": "#sandstone_top" },
        "west":  { "uv": [ 0, 0, 0.5, 0 ], "texture": "#sandstone_top" },
        "east":  { "uv": [ 15.5, 0, 16, 0 ], "texture": "#sandstone_top" }
    }
},
{
    "from": [ 5, 20.5, -3.5 ],
    "to": [ 6, 21, -2.5 ],
    "faces": {
        "down":  { "uv": [ 12, 0.5, 11, 0 ], "texture": "#sandstone_top" },
        "north": { "uv": [ 11, 0, 12, 0 ], "texture": "#sandstone_top" },
        "south": { "uv": [ 4, 0, 5, 0 ], "texture": "#sandstone_top" },
        "west":  { "uv": [ 0, 0, 0.5, 0 ], "texture": "#sandstone_top" },
        "east":  { "uv": [ 15.5, 0, 16, 0 ], "texture": "#sandstone_top" }
    }
},
{
    "from": [ 6, 19, -3.5 ],
    "to": [ 7, 19.5, -2.5 ],
    "faces": {
        "up":    { "uv": [ 4, 0, 5, 0.5 ], "texture": "#sandstone_top" },
        "north": { "uv": [ 11, 0, 12, 0 ], "texture": "#sandstone_top" },
        "south": { "uv": [ 4, 0, 5, 0 ], "texture": "#sandstone_top" },
        "west":  { "uv": [ 0, 0, 0.5, 0 ], "texture": "#sandstone_top" },
        "east":  { "uv": [ 15.5, 0, 16, 0 ], "texture": "#sandstone_top" }
    }
},
{
    "from": [ 8, 19, -3.5 ],
    "to": [ 9, 19.5, -2.5 ],
    "faces": {
        "up":    { "uv": [ 4, 0, 5, 0.5 ], "texture": "#sandstone_top" },
        "north": { "uv": [ 11, 0, 12, 0 ], "texture": "#sandstone_top" },
        "south": { "uv": [ 4, 0, 5, 0 ], "texture": "#sandstone_top" },
        "west":  { "uv": [ 0, 0, 0.5, 0 ], "texture": "#sandstone_top" },
        "east":  { "uv": [ 15.5, 0, 16, 0 ], "texture": "#sandstone_top" }
    }
},
{
    "from": [ 10, 19, -3.5 ],
    "to": [ 11, 19.5, -2.5 ],
    "faces": {
        "up":    { "uv": [ 4, 0, 5, 0.5 ], "texture": "#sandstone_top" },
        "north": { "uv": [ 11, 0, 12, 0 ], "texture": "#sandstone_top" },
        "south": { "uv": [ 4, 0, 5, 0 ], "texture": "#sandstone_top" },
        "west":  { "uv": [ 0, 0, 0.5, 0 ], "texture": "#sandstone_top" }
    }
},
{
    "from": [ 11, 19, -2.5 ],
    "to": [ 12, 19.5, -1.5 ],
    "faces": {
        "up":    { "uv": [ 4, 0, 5, 0.5 ], "texture": "#sandstone_top" },
        "south": { "uv": [ 4, 0, 5, 0 ], "texture": "#sandstone_top" },
        "west":  { "uv": [ 0, 0, 0.5, 0 ], "texture": "#sandstone_top" },
        "east":  { "uv": [ 15.5, 0, 16, 0 ], "texture": "#sandstone_top" }
    }
},
{
    "from": [ 11, 19, -0.5 ],
    "to": [ 12, 19.5, 0.5 ],
    "faces": {
        "up":    { "uv": [ 4, 0, 5, 0.5 ], "texture": "#sandstone_top" },
        "north": { "uv": [ 11, 0, 12, 0 ], "texture": "#sandstone_top" },
        "west":  { "uv": [ 0, 0, 0.5, 0 ], "texture": "#sandstone_top" },
        "east":  { "uv": [ 15.5, 0, 16, 0 ], "texture": "#sandstone_top" }
    }
},
{
    "from": [ 7, 20.5, -3.5 ],
    "to": [ 8, 21, -2.5 ],
    "faces": {
        "down":  { "uv": [ 12, 0.5, 11, 0 ], "texture": "#sandstone_top" },
        "north": { "uv": [ 11, 0, 12, 0 ], "texture": "#sandstone_top" },
        "south": { "uv": [ 4, 0, 5, 0 ], "texture": "#sandstone_top" },
        "west":  { "uv": [ 0, 0, 0.5, 0 ], "texture": "#sandstone_top" },
        "east":  { "uv": [ 15.5, 0, 16, 0 ], "texture": "#sandstone_top" }
    }
},
{
    "from": [ 9, 20.5, -3.5 ],
    "to": [ 10, 21, -2.5 ],
    "faces": {
        "down":  { "uv": [ 12, 0.5, 11, 0 ], "texture": "#sandstone_top" },
        "north": { "uv": [ 11, 0, 12, 0 ], "texture": "#sandstone_top" },
        "south": { "uv": [ 4, 0, 5, 0 ], "texture": "#sandstone_top" },
        "west":  { "uv": [ 0, 0, 0.5, 0 ], "texture": "#sandstone_top" },
        "east":  { "uv": [ 15.5, 0, 16, 0 ], "texture": "#sandstone_top" }
    }
},
{
    "from": [ 11, 20.5, -1.5 ],
    "to": [ 12, 21, -0.5 ],
    "faces": {
        "down":  { "uv": [ 12, 0.5, 11, 0 ], "texture": "#sandstone_top" },
        "north": { "uv": [ 11, 0, 12, 0 ], "texture": "#sandstone_top" },
        "south": { "uv": [ 4, 0, 5, 0 ], "texture": "#sandstone_top" },
        "west":  { "uv": [ 0, 0, 0.5, 0 ], "texture": "#sandstone_top" },
        "east":  { "uv": [ 15.5, 0, 16, 0 ], "texture": "#sandstone_top" }
    }
},
{
    "from": [ 11, 19, -3.5 ],
    "to": [ 12, 20.5, -2.5 ],
    "faces": {
        "up":    { "uv": [ 4, 0, 5, 0.5 ], "texture": "#sandstone_top" },
        "north": { "uv": [ 11, 0, 12, 0 ], "texture": "#sandstone_top" },
        "south": { "uv": [ 4, 0, 5, 0 ], "texture": "#sandstone_top" },
        "west":  { "uv": [ 0, 0, 0.5, 0 ], "texture": "#sandstone_top" },
        "east":  { "uv": [ 15.5, 0, 16, 0 ], "texture": "#sandstone_top" }
    }
},
{
    "from": [ 1.5, 23, 5.5 ],
    "to": [ 2, 26.5, 7.5 ],
    "faces": {
        "down":  { "uv": [ 14.5, 7.5, 14, 5.5 ], "texture": "#anvil_base" },
        "up":    { "uv": [ 1.5, 5.5, 2, 7.5 ], "texture": "#anvil_base" },
        "north": { "uv": [ 14, 0, 14.5, 0 ], "texture": "#anvil_base" },
        "south": { "uv": [ 1.5, 0, 2, 0 ], "texture": "#anvil_base" },
        "west":  { "uv": [ 5.5, 0, 7.5, 0 ], "texture": "#anvil_base" }
    }
},
{
    "from": [ 4.5, 27.5, -0.0625 ],
    "to": [ 7, 28.5, 0.9375 ],
    "rotation": { "origin": [ 4.5, 28.5, -0.0625 ], "axis": "z", "angle": -22.5 },
    "faces": {
        "down":  { "uv": [ 12, 0.5, 10, 0 ], "texture": "#anvil_base" },
        "up":    { "uv": [ 4, 0, 6, 0.5 ], "texture": "#anvil_base" },
        "north": { "uv": [ 10, 0, 12, 0 ], "texture": "#anvil_base" },
        "south": { "uv": [ 4, 0, 6, 0 ], "texture": "#anvil_base" },
        "west":  { "uv": [ 0, 0, 0.5, 0 ], "texture": "#anvil_base" },
        "east":  { "uv": [ 15.5, 0, 16, 0 ], "texture": "#anvil_base" }
    }
},
{
    "from": [ 9.5, 26.5, 0 ],
    "to": [ 12, 27.5, 1 ],
    "rotation": { "origin": [ 9.5, 27.5, 0 ], "axis": "z", "angle": 22.5 },
    "faces": {
        "down":  { "uv": [ 12, 0.5, 10, 0 ], "texture": "#anvil_base" },
        "up":    { "uv": [ 4, 0, 6, 0.5 ], "texture": "#anvil_base" },
        "north": { "uv": [ 10, 0, 12, 0 ], "texture": "#anvil_base" },
        "south": { "uv": [ 4, 0, 6, 0 ], "texture": "#anvil_base" },
        "west":  { "uv": [ 0, 0, 0.5, 0 ], "texture": "#anvil_base" },
        "east":  { "uv": [ 15.5, 0, 16, 0 ], "texture": "#anvil_base" }
    }
},
{
    "from": [ 1, 13, 0 ],
    "to": [ 15, 15.5, 14 ],
    "faces": {
        "up":    { "uv": [ 1, 0, 15, 14 ], "texture": "#texture" },
        "north": { "uv": [ 1, 0.5, 15, 3 ], "texture": "#texture" },
        "south": { "uv": [ 1, 0.5, 15, 3 ], "texture": "#texture" },
        "west":  { "uv": [ 0, 0.5, 14, 3 ], "texture": "#texture" },
        "east":  { "uv": [ 2, 0.5, 16, 3 ], "texture": "#texture" }
    }
},
{
    "from": [ 14, 23, 5.5 ],
    "to": [ 14.5, 26.5, 7.5 ],
    "faces": {
        "down":  { "uv": [ 14.5, 7.5, 14, 5.5 ], "texture": "#anvil_base" },
        "up":    { "uv": [ 1.5, 5.5, 2, 7.5 ], "texture": "#anvil_base" },
        "north": { "uv": [ 14, 0, 14.5, 0 ], "texture": "#anvil_base" },
        "south": { "uv": [ 1.5, 0, 2, 0 ], "texture": "#anvil_base" },
        "east":  { "uv": [ 8.5, 0, 10.5, 0 ], "texture": "#anvil_base" }
    }
},
{
    "from": [ -1, -3, 0 ],
    "to": [ 17, 13, 14 ],
    "rotation": { "origin": [ -1, 13, 0 ], "axis": "x", "angle": -22.5 },
    "faces": {
        "down":  { "uv": [ 0, 0, 16, 16 ], "texture": "#texture" },
        "up":    { "uv": [ 0, 0, 16, 16 ], "texture": "#texture" },
        "north": { "uv": [ 0, 0, 16, 16 ], "texture": "#texture" },
        "south": { "uv": [ 0, 0, 16, 16 ], "texture": "#texture" },
        "west":  { "uv": [ 0, 0, 16, 16 ], "texture": "#texture" },
        "east":  { "uv": [ 0, 0, 16, 16 ], "texture": "#texture" }
    }
},
{
    "from": [ 0, 3.5, 0.5 ],
    "to": [ 7.5, 11.5, 3 ],
    "rotation": { "origin": [ 0, 11.5, 0.5 ], "axis": "x", "angle": -22.5 },
    "faces": {
        "down":  { "uv": [ 12, 4, 13, 5 ], "texture": "#texture" },
        "up":    { "uv": [ 11, 5, 12, 6 ], "texture": "#texture" },
        "north": { "uv": [ 2, 0, 14, 16 ], "texture": "#kong2" },
        "south": { "uv": [ 12, 0, 13, 1 ], "texture": "#kong2" },
        "west":  { "uv": [ 13, 0, 14, 8 ], "texture": "#kong2" },
        "east":  { "uv": [ 14, 0, 13, 10 ], "texture": "#kong2" }
    }
},
{
    "from": [ 8.5, 3.5, 0.5 ],
    "to": [ 16, 11.5, 3 ],
    "rotation": { "origin": [ 8.5, 11.5, 0.5 ], "axis": "x", "angle": -22.5 },
    "faces": {
        "down":  { "uv": [ 12, 4, 13, 5 ], "texture": "#texture" },
        "up":    { "uv": [ 11, 5, 12, 6 ], "texture": "#texture" },
        "north": { "uv": [ 2, 0, 14, 16 ], "texture": "#kong2" },
        "south": { "uv": [ 13, 0, 14, 14 ], "texture": "#kong2" },
        "west":  { "uv": [ 13, 0.5, 14, 12 ], "texture": "#kong2" },
        "east":  { "uv": [ 13, 0, 14, 14 ], "texture": "#kong2" }
    }
},
{
    "from": [ -7.5, -3, 2.5 ],
    "to": [ -0.5, 14, 9 ],
    "faces": {
        "down":  { "uv": [ -5, 3.5, -0.5, 10 ], "texture": "#texture" },
        "up":    { "uv": [ 0, 3.5, 4.5, 10 ], "texture": "#texture" },
        "north": { "uv": [ 0, 1.5, 4.5, 16.5 ], "texture": "#texture" },
        "south": { "uv": [ 0, 1.5, 4.5, 16.5 ], "texture": "#texture" },
        "west":  { "uv": [ 3.5, 1.5, 10, 16.5 ], "texture": "#texture" },
        "east":  { "uv": [ 3.5, 1.5, 10, 16.5 ], "texture": "#texture" }
    }
},
{
    "from": [ 16.5, -3, 2.5 ],
    "to": [ 23.5, 14, 9 ],
    "faces": {
        "down":  { "uv": [ -5, 3.5, -0.5, 10 ], "texture": "#texture" },
        "up":    { "uv": [ 0, 3.5, 4.5, 10 ], "texture": "#texture" },
        "north": { "uv": [ 0, 1.5, 4.5, 16.5 ], "texture": "#texture" },
        "south": { "uv": [ 0, 1.5, 4.5, 16.5 ], "texture": "#texture" },
        "west":  { "uv": [ 3.5, 1.5, 10, 16.5 ], "texture": "#texture" },
        "east":  { "uv": [ 3.5, 1.5, 10, 16.5 ], "texture": "#texture" }
    }
}
],
"display": {
    "thirdperson": {
        "rotation": [ -94, 0, 0 ],
        "translation": [ -0.1, 0.1, -2 ],
        "scale": [ 0.19, 0.19, 0.19 ]
    },
    "head": {
        "rotation": [ 0, 0, 0 ],
        "translation": [ 0, -3, 0 ],
        "scale": [ 4, 4, 4 ]
    },
    "fixed": {
        "rotation": [ 0, 0, 0 ],
        "translation": [ 0, -3.4, 0 ],
        "scale": [ 1, 1, 1 ]
    },
    "firstperson": {
        "rotation": [ 0, 86, 0 ],
        "translation": [ 0, 0, 0 ],
        "scale": [ 1, 1, 1 ]
    },
    "gui": {
        "rotation": [ 0, 0, 0 ],
        "translation": [ 0, -1.5, 0 ],
        "scale": [ 0.63, 0.63, 0.63 ]
    }
}
}