{
	"credit": "Made with Blockbench",
	"textures": {
		"4": "blocks/bookshelf",
		"8": "blocks/hardened_clay_stained_gray"
	},
	"elements": [
		{
			"from": [1.55661, 6.78118, 6.78118],
			"to": [20.96819, 9.21882, 9.21882],
			"faces": {
				"north": {"uv": [4.75, 2, 5.25, 2.438], "rotation": 180, "texture": "#4"},
				"east": {"uv": [4.75, 2, 5.25, 2.438], "rotation": 180, "texture": "#4"},
				"south": {"uv": [4.75, 2, 5.25, 2.438], "rotation": 180, "texture": "#4"},
				"west": {"uv": [4.75, 2, 5.25, 2.438], "rotation": 180, "texture": "#4"},
				"up": {"uv": [4.75, 2, 5.25, 2.438], "rotation": 180, "texture": "#4"},
				"down": {"uv": [4.75, 2, 5.25, 2.438], "rotation": 180, "texture": "#4"}
			}
		},
		{
			"from": [6.07208, 6.87869, 6.87869],
			"to": [31.29074, 9.12131, 9.12131],
			"faces": {
				"north": {"uv": [4.75, 2, 5.25, 2.438], "rotation": 180, "texture": "#4"},
				"east": {"uv": [4.75, 2, 5.25, 2.438], "rotation": 180, "texture": "#4"},
				"south": {"uv": [4.75, 2, 5.25, 2.438], "rotation": 180, "texture": "#4"},
				"west": {"uv": [4.75, 2, 5.25, 2.438], "rotation": 180, "texture": "#4"},
				"up": {"uv": [4.75, 2, 5.25, 2.438], "rotation": 180, "texture": "#4"},
				"down": {"uv": [4.75, 2, 5.25, 2.438], "rotation": 180, "texture": "#4"}
			}
		},
		{
			"from": [-6.9, 4, 6.5],
			"to": [1.6859, 7.0534, 9.5534],
			"rotation": {"angle": 22.5, "axis": "z", "origin": [-4.32255, 5.75974, 8]},
			"faces": {
				"north": {"uv": [6.25, 8.75, 7, 9.5], "texture": "#8"},
				"east": {"uv": [6.25, 8.75, 7, 9.5], "texture": "#8"},
				"south": {"uv": [6.25, 8.75, 7, 9.5], "texture": "#8"},
				"west": {"uv": [6.25, 8.75, 7, 9.5], "texture": "#8"},
				"up": {"uv": [6.25, 8.75, 7, 9.5], "texture": "#8"},
				"down": {"uv": [6.25, 8.75, 7, 9.5], "texture": "#8"}
			}
		},
		{
			"from": [-15.1604, 3.9952, 6.5],
			"to": [-6.5745, 7.0486, 9.5534],
			"rotation": {"angle": 45, "axis": "z", "origin": [-5.58298, 5.75496, 8]},
			"faces": {
				"north": {"uv": [10, 0, 10.586, 0.553], "rotation": 270, "texture": "#8"},
				"east": {"uv": [10, 0, 10.586, 0.553], "rotation": 270, "texture": "#8"},
				"south": {"uv": [10, 0, 10.586, 0.553], "rotation": 270, "texture": "#8"},
				"west": {"uv": [10, 0, 10.586, 0.553], "rotation": 270, "texture": "#8"},
				"up": {"uv": [10, 0, 10.586, 0.553], "rotation": 270, "texture": "#8"},
				"down": {"uv": [10, 0, 10.586, 0.553], "rotation": 270, "texture": "#8"}
			}
		},
		{
			"from": [0.40774, 6.75, 6.7568],
			"to": [2.84755, 9.23639, 9.2432],
			"faces": {
				"north": {"uv": [6.25, 8.75, 7, 9.5], "texture": "#8"},
				"east": {"uv": [6.25, 8.75, 7, 9.5], "texture": "#8"},
				"south": {"uv": [6.25, 8.75, 7, 9.5], "texture": "#8"},
				"west": {"uv": [6.25, 8.75, 7, 9.5], "texture": "#8"},
				"up": {"uv": [6.25, 8.75, 7, 9.5], "texture": "#8"},
				"down": {"uv": [6.25, 8.75, 7, 9.5], "texture": "#8"}
			}
		},
		{
			"from": [-14.5, 4.9952, 6.68],
			"to": [-6.94441, 7.68219, 9.36699],
			"rotation": {"angle": 45, "axis": "z", "origin": [-3.95302, 5.06436, 8]},
			"faces": {
				"north": {"uv": [6.25, 8.75, 7, 9.5], "texture": "#8"},
				"east": {"uv": [6.25, 8.75, 7, 9.5], "texture": "#8"},
				"south": {"uv": [6.25, 8.75, 7, 9.5], "texture": "#8"},
				"west": {"uv": [6.25, 8.75, 7, 9.5], "texture": "#8"},
				"up": {"uv": [6.25, 8.75, 7, 9.5], "texture": "#8"},
				"down": {"uv": [6.25, 8.75, 7, 9.5], "texture": "#8"}
			}
		}
	],
	"display": {
		"thirdperson_righthand": {
			"rotation": [0, 90, 66],
			"translation": [0, 3, -1],
			"scale": [0.35, 0.4, 0.4]
		},
		"thirdperson_lefthand": {
			"rotation": [0, -90, -66],
			"translation": [0, 3, -1],
			"scale": [0.35, 0.4, 0.4]
		},
		"firstperson_righthand": {
			"rotation": [4, 86, 23],
			"translation": [17.5, -3.5, -20.5],
			"scale": [0.7, 0.75, 0.9]
		},
		"firstperson_lefthand": {
			"rotation": [4, -86, -23],
			"translation": [17.5, -3.5, -20.5],
			"scale": [0.7, 0.75, 0.9]
		},
		"gui": {
			"rotation": [5, -141, 31],
			"translation": [1.5, 0.5, 0],
			"scale": [0.4, 0.4, 0.4]
		},
		"fixed": {
			"rotation": [0, -4, 16],
			"translation": [-1, 1, -1.25],
			"scale": [0.44, 0.44, 0.44]
		}
	},
	"groups": [
		{
			"name": "wooden_sword",
			"children": [0, 1, 2, 3, 4, 5]
		}
	]
}