{
    "parent": "item/handheld",
    "textures": {
        "layer0": "items/diamond_hoe"
    },
"overrides":[
{ "predicate": { "damaged": 1, "damage": 0.00064061499}, "model":"item/crown"},
{ "predicate": { "damaged": 1, "damage": 0.00128122998}, "model":"item/tiara"},
{ "predicate": { "damaged": 1, "damage": 0.00192184500}, "model":"item/seasonalhats/seasonal_hat1"},
{ "predicate": { "damaged": 1, "damage": 0.00256245996}, "model":"item/seasonalhats/seasonal_hat2"},
{ "predicate": { "damaged": 1, "damage": 0.00320307495}, "model":"item/seasonalhats/seasonal_hat3"},
{ "predicate": { "damaged": 1, "damage": 0.00384368994}, "model":"item/seasonalhats/seasonal_hat4"},
{ "predicate": { "damaged": 1, "damage": 0.004484304933}, "model":"item/cake"},
{ "predicate": { "damaged": 1, "damage": 0.005124919923}, "model":"item/anicrown"},
{ "predicate": { "damaged": 1, "damage": 0.005765534914}, "model":"item/hats/rainbow_ears"},
{ "predicate": { "damaged": 1, "damage": 0.006402048655}, "model":"item/hats/max_ears"},
{ "predicate": { "damaged": 1, "damage": 0.007042253521}, "model":"item/hats/gidget_ears"},
{ "predicate": { "damaged": 1, "damage": 0.007682458386}, "model":"item/hats/sorting_hat"},
{ "predicate": { "damaged": 1, "damage": 0.008322663252}, "model":"item/hats/elmo"},
{ "predicate": { "damaged": 1, "damage": 0.008962868117}, "model":"item/hats/cookie_monster"}
]
}
